id,name,email,purchase,purchased_at,submitIssue_id
Customer1,Catherine Stewart,cstewart0@cnet.com,$262.16,2/10/2014,
Customer2,Maria Gilbert,mgilbert1@hhs.gov,$203.88,5/27/2013,
Customer3,Benjamin Butler,bbutler2@hatena.ne.jp,$130.86,6/8/2013,
Customer4,Kathy Bennett,kbennett3@spotify.com,$15.55,12/21/2012,
Customer5,Christine Evans,cevans4@angelfire.com,$901.89,10/21/2012,
Customer6,Aaron Adams,aadams5@jugem.jp,$975.19,10/25/2012,
Customer7,Tammy Flores,tflores6@soup.io,$689.78,7/17/2014,
Customer8,Jason Thomas,jthomas7@va.gov,$214.13,12/22/2012,
Customer9,Joseph Little,jlittle8@gov.uk,$516.18,2/9/2013,
Customer10,Antonio Allen,aallen9@examiner.com,$641.73,6/5/2013,
Customer11,Stephen Daniels,sdanielsa@so-net.ne.jp,$711.58,4/12/2013,
Customer12,Gary Olson,golsonb@berkeley.edu,$264.75,2/22/2013,
Customer13,Scott Rivera,sriverac@lycos.com,$856.71,3/30/2014,
Customer14,Anna Wagner,awagnerd@stanford.edu,$64.40,10/7/2014,
Customer15,Ashley Wilson,awilsone@nature.com,$483.05,11/1/2014,
Customer16,Carl Rogers,crogersf@illinois.edu,$757.59,11/10/2013,
Customer17,Phillip Gibson,pgibsong@theatlantic.com,$363.62,2/20/2015,
Customer18,Anna Payne,apayneh@ebay.co.uk,$168.84,1/4/2014,
Customer19,Justin Long,jlongi@example.com,$376.59,8/24/2014,
Customer20,Katherine Lynch,klynchj@google.fr,$10.90,12/9/2012,
Customer21,Aaron Ray,arayk@yahoo.co.jp,$320.53,3/30/2013,
Customer22,Christina Perry,cperryl@123-reg.co.uk,$586.84,1/16/2014,
Customer23,Kevin Tucker,ktuckerm@livejournal.com,$498.90,8/28/2015,
Customer24,Catherine Ramos,cramosn@reddit.com,$53.95,7/4/2013,
Customer25,Angela Hunter,ahuntero@rediff.com,$618.06,3/3/2015,
Customer26,Mildred Cox,mcoxp@yahoo.co.jp,$544.04,11/10/2012,
Customer27,Pamela Grant,pgrantq@php.net,$264.86,4/22/2015,
Customer28,Mark Spencer,mspencerr@addthis.com,$227.69,7/3/2014,
Customer29,Jeremy Fowler,jfowlers@about.me,$468.77,11/25/2013,
Customer30,Alice Butler,abutlert@disqus.com,$514.72,3/30/2014,
Customer31,Lillian Smith,lsmithu@furl.net,$73.00,10/8/2012,
Customer32,Rose Jordan,rjordanv@independent.co.uk,$932.83,12/30/2012,
Customer33,Andrea Berry,aberryw@constantcontact.com,$533.89,5/31/2014,
Customer34,Albert Freeman,afreemanx@va.gov,$433.26,11/19/2013,
Customer35,Jack Lawrence,jlawrencey@livejournal.com,$243.06,4/8/2014,
Customer36,Deborah Graham,dgrahamz@cargocollective.com,$257.52,10/16/2013,
Customer37,Sean Jacobs,sjacobs10@4shared.com,$327.47,4/21/2013,
Customer38,Daniel Ellis,dellis11@amazonaws.com,$996.85,4/30/2014,
Customer39,Paul Davis,pdavis12@ehow.com,$409.00,10/30/2012,
Customer40,Paul Ramos,pramos13@gizmodo.com,$415.45,1/20/2015,
Customer41,Kathryn Russell,krussell14@yale.edu,$727.62,7/23/2014,
Customer42,Janice Cook,jcook15@constantcontact.com,$382.55,6/5/2015,
Customer43,Lisa Washington,lwashington16@loc.gov,$355.35,4/18/2013,
Customer44,Frank Butler,fbutler17@lulu.com,$871.06,9/20/2013,
Customer45,Melissa Riley,mriley18@mayoclinic.com,$457.00,11/7/2014,
Customer46,Ryan George,rgeorge19@ycombinator.com,$949.22,9/8/2013,
Customer47,Richard Stone,rstone1a@webmd.com,$665.03,8/25/2014,
Customer48,Margaret Lewis,mlewis1b@pbs.org,$507.44,9/1/2014,
Customer49,Robin Bishop,rbishop1c@examiner.com,$884.17,10/10/2012,
Customer50,Kathy Medina,kmedina1d@newsvine.com,$615.57,4/29/2013,
Customer51,Mildred Fox,mfox1e@twitter.com,$394.04,3/16/2013,
Customer52,Sharon Martinez,smartinez1f@free.fr,$305.60,3/1/2013,
Customer53,Betty Wright,bwright1g@sakura.ne.jp,$312.98,9/16/2015,
Customer54,Robert Nichols,rnichols1h@irs.gov,$824.91,4/25/2013,
Customer55,Marie Gonzales,mgonzales1i@skyrock.com,$30.34,8/22/2015,
Customer56,Joe Butler,jbutler1j@omniture.com,$943.81,5/28/2013,
Customer57,Jessica Murray,jmurray1k@multiply.com,$829.31,6/5/2015,
Customer58,Sarah Bell,sbell1l@blogs.com,$226.73,9/13/2015,
Customer59,Stephanie Reyes,sreyes1m@ca.gov,$610.01,4/10/2013,
Customer60,Teresa Hawkins,thawkins1n@rakuten.co.jp,$656.90,2/6/2014,
Customer61,Mary Davis,mdavis1o@ehow.com,$673.50,5/6/2013,
Customer62,Andrea Nichols,anichols1p@webmd.com,$928.02,1/24/2014,
Customer63,Anne Wheeler,awheeler1q@nsw.gov.au,$346.49,12/24/2012,
Customer64,George Greene,ggreene1r@netlog.com,$29.78,6/14/2013,
Customer65,Todd Rice,trice1s@pcworld.com,$60.61,4/11/2013,
Customer66,Lisa Smith,lsmith1t@symantec.com,$263.98,4/15/2015,
Customer67,Ronald Garcia,rgarcia1u@odnoklassniki.ru,$96.39,6/7/2014,
Customer68,Philip Shaw,pshaw1v@comsenz.com,$909.93,5/30/2013,
Customer69,Kenneth Gomez,kgomez1w@accuweather.com,$749.02,6/18/2015,
Customer70,Rose Hunter,rhunter1x@auda.org.au,$909.00,11/11/2014,
Customer71,Jimmy Diaz,jdiaz1y@digg.com,$753.38,4/27/2015,
Customer72,Scott Miller,smiller1z@canalblog.com,$672.96,9/3/2015,
Customer73,Clarence Edwards,cedwards20@360.cn,$121.94,10/2/2013,
Customer74,Virginia Ramirez,vramirez21@guardian.co.uk,$382.43,9/9/2014,
Customer75,Barbara Perkins,bperkins22@hugedomains.com,$373.19,7/3/2014,
Customer76,Benjamin Kelley,bkelley23@techcrunch.com,$731.73,4/21/2015,
Customer77,Scott Gordon,sgordon24@hao123.com,$568.78,8/18/2015,
Customer78,Nancy Hunter,nhunter25@oaic.gov.au,$245.86,2/9/2013,
Customer79,Larry Daniels,ldaniels26@paginegialle.it,$50.74,8/19/2015,
Customer80,Denise Cooper,dcooper27@360.cn,$346.47,6/16/2014,
Customer81,Andrew Larson,alarson28@omniture.com,$692.72,6/18/2015,
Customer82,Chris Perry,cperry29@twitpic.com,$937.15,9/26/2015,
Customer83,Diane Mccoy,dmccoy2a@webeden.co.uk,$52.97,4/25/2013,
Customer84,Deborah Spencer,dspencer2b@goodreads.com,$873.56,12/20/2012,
Customer85,Sharon Arnold,sarnold2c@free.fr,$974.73,11/22/2012,
Customer86,Matthew Perkins,mperkins2d@netvibes.com,$202.05,12/12/2013,
Customer87,Kathleen Anderson,kanderson2e@ow.ly,$919.02,11/1/2014,
Customer88,Aaron Peters,apeters2f@feedburner.com,$49.18,11/5/2012,
Customer89,Martha Lawrence,mlawrence2g@dyndns.org,$21.28,11/18/2013,
Customer90,Billy Stevens,bstevens2h@soup.io,$643.11,8/1/2014,
Customer91,Jennifer Chapman,jchapman2i@mtv.com,$483.17,1/15/2014,
Customer92,Henry Fernandez,hfernandez2j@diigo.com,$566.95,4/10/2015,
Customer93,Brian Mason,bmason2k@cdbaby.com,$835.63,11/16/2013,
Customer94,Lisa Richardson,lrichardson2l@baidu.com,$370.10,3/30/2014,
Customer95,Jane Russell,jrussell2m@issuu.com,$15.97,6/17/2015,
Customer96,Jason Wilson,jwilson2n@timesonline.co.uk,$779.71,11/6/2014,
Customer97,Keith Robinson,krobinson2o@ameblo.jp,$83.08,4/28/2013,
Customer98,Randy Clark,rclark2p@alexa.com,$94.33,4/13/2014,
Customer99,Matthew Marshall,mmarshall2q@huffingtonpost.com,$887.76,2/1/2014,
Customer100,Linda Price,lprice2r@vkontakte.ru,$942.06,5/6/2014,
Customer101,Carlos Oliver,coliver2s@narod.ru,$689.32,5/19/2013,
Customer102,Brenda Lynch,blynch2t@seattletimes.com,$14.81,2/5/2014,
Customer103,Frank Williamson,fwilliamson2u@sfgate.com,$407.17,1/14/2015,
Customer104,Nancy Murray,nmurray2v@domainmarket.com,$533.41,7/24/2014,
Customer105,Dorothy Baker,dbaker2w@elegantthemes.com,$602.36,2/15/2013,
Customer106,Beverly Jacobs,bjacobs2x@gov.uk,$84.29,1/31/2013,
Customer107,Andrew Cooper,acooper2y@berkeley.edu,$674.48,2/16/2013,
Customer108,Carol Watson,cwatson2z@360.cn,$401.32,7/6/2014,
Customer109,Roger Fernandez,rfernandez30@squidoo.com,$632.56,12/7/2012,
Customer110,Doris Alvarez,dalvarez31@ucsd.edu,$247.68,7/6/2015,
Customer111,Jessica James,jjames32@flavors.me,$742.39,9/25/2015,
Customer112,Wayne Banks,wbanks33@sun.com,$67.84,12/18/2013,
Customer113,Benjamin Ross,bross34@cbslocal.com,$760.85,6/25/2014,
Customer114,Jason Moreno,jmoreno35@discovery.com,$268.84,10/18/2013,
Customer115,Earl Simpson,esimpson36@spotify.com,$959.02,7/6/2014,
Customer116,Billy Andrews,bandrews37@amazon.co.jp,$476.40,3/15/2013,
Customer117,Jean Price,jprice38@kickstarter.com,$609.67,9/7/2013,
Customer118,Dorothy Morrison,dmorrison39@fda.gov,$636.04,1/13/2014,
Customer119,Nancy Morris,nmorris3a@java.com,$978.06,7/4/2013,
Customer120,Julia Stevens,jstevens3b@google.com.au,$58.04,9/13/2013,
Customer121,Frances Price,fprice3c@umn.edu,$580.77,8/29/2014,
Customer122,Alice Thomas,athomas3d@livejournal.com,$195.19,6/22/2015,
Customer123,Evelyn Carroll,ecarroll3e@chicagotribune.com,$105.60,2/9/2013,
Customer124,Annie Mcdonald,amcdonald3f@statcounter.com,$632.74,5/14/2014,
Customer125,Brian Olson,bolson3g@soundcloud.com,$491.58,2/1/2013,
Customer126,Bonnie Howard,bhoward3h@tinypic.com,$230.02,7/1/2015,
Customer127,Michelle Rogers,mrogers3i@goo.ne.jp,$408.11,8/7/2015,
Customer128,Doris Ford,dford3j@nymag.com,$602.32,2/13/2013,
Customer129,Russell Hamilton,rhamilton3k@sun.com,$72.33,8/7/2014,
Customer130,Ruth Howard,rhoward3l@oakley.com,$79.75,7/9/2014,
Customer131,Heather Moreno,hmoreno3m@edublogs.org,$996.07,4/5/2013,
Customer132,Judith Bryant,jbryant3n@miibeian.gov.cn,$675.99,3/8/2014,
Customer133,Carol Perry,cperry3o@alexa.com,$770.52,5/6/2013,
Customer134,James Schmidt,jschmidt3p@simplemachines.org,$873.07,12/23/2012,
Customer135,Mildred Kelly,mkelly3q@deviantart.com,$407.83,11/11/2014,
Customer136,Brian Medina,bmedina3r@independent.co.uk,$44.07,10/26/2013,
Customer137,Sean Bennett,sbennett3s@buzzfeed.com,$407.37,5/3/2013,
Customer138,Christopher Mitchell,cmitchell3t@ft.com,$900.40,6/17/2015,
Customer139,Peter Moreno,pmoreno3u@nature.com,$749.25,4/3/2014,
Customer140,Cynthia Mason,cmason3v@shop-pro.jp,$28.51,3/20/2014,
Customer141,Pamela Greene,pgreene3w@sfgate.com,$28.20,7/29/2015,
Customer142,Aaron Robinson,arobinson3x@amazon.co.uk,$501.10,7/12/2014,
Customer143,Maria Green,mgreen3y@fda.gov,$930.53,8/29/2015,
Customer144,Randy Elliott,relliott3z@hc360.com,$836.45,11/7/2012,
Customer145,Anthony Burke,aburke40@list-manage.com,$211.87,2/8/2013,
Customer146,Ruby Cooper,rcooper41@ibm.com,$240.78,7/12/2014,
Customer147,Shawn Gutierrez,sgutierrez42@usda.gov,$871.99,10/18/2012,
Customer148,Matthew Ryan,mryan43@howstuffworks.com,$373.93,12/12/2013,
Customer149,Victor Williamson,vwilliamson44@netlog.com,$361.58,5/13/2014,
Customer150,Heather Willis,hwillis45@paginegialle.it,$417.60,10/19/2012,
Customer151,Keith Chapman,kchapman46@answers.com,$474.52,1/25/2015,
Customer152,Roger Cunningham,rcunningham47@topsy.com,$585.60,10/26/2014,
Customer153,Bruce Fox,bfox48@wsj.com,$47.16,6/19/2013,
Customer154,Jerry Jordan,jjordan49@ow.ly,$531.33,7/11/2013,
Customer155,Robert Knight,rknight4a@google.pl,$29.29,9/13/2015,
Customer156,Gregory Day,gday4b@latimes.com,$363.46,1/23/2014,
Customer157,Lisa Torres,ltorres4c@edublogs.org,$310.96,9/27/2015,
Customer158,George Wagner,gwagner4d@huffingtonpost.com,$76.18,8/11/2014,
Customer159,Mildred Graham,mgraham4e@quantcast.com,$480.99,11/24/2013,
Customer160,Jean Freeman,jfreeman4f@ftc.gov,$490.32,10/27/2013,
Customer161,Carl Scott,cscott4g@hhs.gov,$580.62,7/25/2013,
Customer162,Christopher Burke,cburke4h@amazon.com,$119.49,9/12/2015,
Customer163,Sandra Carr,scarr4i@usgs.gov,$701.04,1/18/2013,
Customer164,Tina Wright,twright4j@gmpg.org,$459.76,12/25/2012,
Customer165,Pamela Mason,pmason4k@paginegialle.it,$510.90,9/24/2015,
Customer166,Norma Nichols,nnichols4l@jiathis.com,$821.86,4/30/2014,
Customer167,Heather Rose,hrose4m@utexas.edu,$230.98,9/8/2014,
Customer168,Joshua Johnston,jjohnston4n@vk.com,$805.26,10/24/2014,
Customer169,Randy Martinez,rmartinez4o@squidoo.com,$790.90,6/3/2015,
Customer170,Jerry Gray,jgray4p@redcross.org,$131.02,6/28/2013,
Customer171,Christine Lynch,clynch4q@flickr.com,$676.07,3/9/2015,
Customer172,Laura Garza,lgarza4r@washingtonpost.com,$571.08,6/9/2015,
Customer173,Ruby Williams,rwilliams4s@posterous.com,$561.43,6/1/2015,
Customer174,Mildred Rodriguez,mrodriguez4t@oracle.com,$230.78,11/9/2012,
Customer175,Lawrence Thomas,lthomas4u@illinois.edu,$889.31,8/12/2014,
Customer176,Aaron Perez,aperez4v@kickstarter.com,$496.58,7/19/2013,
Customer177,Joyce Burton,jburton4w@mapy.cz,$419.86,11/10/2014,
Customer178,Chris Burke,cburke4x@cdc.gov,$80.87,8/12/2014,
Customer179,Nicholas Myers,nmyers4y@imageshack.us,$30.00,11/21/2014,
Customer180,Jonathan Gonzales,jgonzales4z@dyndns.org,$997.38,7/13/2015,
Customer181,Ashley Hamilton,ahamilton50@gov.uk,$383.42,7/6/2014,
Customer182,Kelly Wells,kwells51@europa.eu,$769.49,1/15/2015,
Customer183,David Cunningham,dcunningham52@bluehost.com,$21.92,2/26/2014,
Customer184,Russell Griffin,rgriffin53@sun.com,$410.69,11/10/2014,
Customer185,Jose Howell,jhowell54@tripadvisor.com,$923.27,12/24/2014,
Customer186,Kenneth Harrison,kharrison55@bigcartel.com,$882.95,4/15/2013,
Customer187,Joe Richardson,jrichardson56@pinterest.com,$677.03,8/19/2014,
Customer188,Roger Howell,rhowell57@examiner.com,$288.79,10/20/2012,
Customer189,Walter Austin,waustin58@de.vu,$878.90,5/26/2015,
Customer190,Kevin Ortiz,kortiz59@arizona.edu,$403.44,7/7/2013,
Customer191,Patrick Griffin,pgriffin5a@1und1.de,$945.87,1/22/2013,
Customer192,Arthur Richards,arichards5b@blogger.com,$547.81,4/10/2014,
Customer193,Lillian Richardson,lrichardson5c@census.gov,$700.40,2/6/2015,
Customer194,Jimmy Cooper,jcooper5d@phoca.cz,$738.62,9/19/2015,
Customer195,Phyllis Hanson,phanson5e@desdev.cn,$805.29,7/30/2014,
Customer196,Maria Lawson,mlawson5f@pagesperso-orange.fr,$301.85,5/23/2013,
Customer197,Keith Dean,kdean5g@about.me,$452.34,4/9/2015,
Customer198,Howard Perez,hperez5h@businessweek.com,$60.80,9/20/2015,
Customer199,Timothy Palmer,tpalmer5i@marriott.com,$615.09,8/23/2013,
Customer200,George Grant,ggrant5j@prweb.com,$56.93,10/7/2012,
Customer201,Larry Perry,lperry5k@behance.net,$895.27,6/25/2014,
Customer202,Dorothy Robertson,drobertson5l@mlb.com,$365.98,9/6/2015,
Customer203,Jason Long,jlong5m@wikia.com,$528.10,3/4/2013,
Customer204,Anne White,awhite5n@blogspot.com,$573.77,3/23/2014,
Customer205,David Crawford,dcrawford5o@psu.edu,$582.01,11/10/2013,
Customer206,Joseph Gutierrez,jgutierrez5p@youtube.com,$926.84,3/9/2013,
Customer207,Daniel Phillips,dphillips5q@telegraph.co.uk,$252.68,2/13/2015,
Customer208,Joshua Smith,jsmith5r@admin.ch,$324.29,2/7/2015,
Customer209,Anthony Garcia,agarcia5s@msn.com,$303.16,8/17/2015,
Customer210,Russell Oliver,roliver5t@skyrock.com,$357.11,4/17/2013,
Customer211,Dennis Howard,dhoward5u@auda.org.au,$976.75,9/7/2014,
Customer212,Ryan Ross,rross5v@cam.ac.uk,$985.80,3/23/2015,
Customer213,Kenneth Nguyen,knguyen5w@ucoz.com,$812.92,6/25/2014,
Customer214,Julia Weaver,jweaver5x@pen.io,$587.59,9/23/2014,
Customer215,Carl Robertson,crobertson5y@vk.com,$757.99,8/2/2015,
Customer216,Justin Rice,jrice5z@google.co.uk,$48.34,2/12/2015,
Customer217,Gloria Carroll,gcarroll60@ted.com,$759.86,11/9/2013,
Customer218,Bruce Spencer,bspencer61@dropbox.com,$788.84,3/24/2013,
Customer219,Willie Lane,wlane62@zimbio.com,$819.90,6/1/2013,
Customer220,Ann Sullivan,asullivan63@bloomberg.com,$770.94,6/8/2015,
Customer221,Sandra Elliott,selliott64@imageshack.us,$684.03,5/17/2013,
Customer222,Teresa Crawford,tcrawford65@nymag.com,$804.32,4/14/2014,
Customer223,Deborah Torres,dtorres66@eventbrite.com,$508.66,6/20/2013,
Customer224,Christopher Murray,cmurray67@topsy.com,$705.67,3/6/2013,
Customer225,Mary Morales,mmorales68@issuu.com,$511.81,6/22/2014,
Customer226,Roger Carroll,rcarroll69@netlog.com,$768.80,3/18/2013,
Customer227,Carolyn Turner,cturner6a@bravesites.com,$910.68,4/19/2014,
Customer228,Dennis Owens,dowens6b@blogger.com,$539.00,12/21/2013,
Customer229,Paula Fuller,pfuller6c@clickbank.net,$804.39,2/23/2013,
Customer230,Albert Hawkins,ahawkins6d@ask.com,$876.38,12/16/2012,
Customer231,Henry Richardson,hrichardson6e@redcross.org,$547.43,12/21/2014,
Customer232,Marie Lynch,mlynch6f@bravesites.com,$264.88,3/4/2015,
Customer233,Linda Schmidt,lschmidt6g@moonfruit.com,$945.06,11/26/2014,
Customer234,Robin Bell,rbell6h@vk.com,$237.16,10/2/2015,
Customer235,Kenneth Gutierrez,kgutierrez6i@irs.gov,$50.59,10/17/2014,
Customer236,Kathy Barnes,kbarnes6j@virginia.edu,$25.37,5/18/2015,
Customer237,Andrea Simpson,asimpson6k@nba.com,$173.16,3/14/2015,
Customer238,Mildred Henderson,mhenderson6l@smugmug.com,$959.02,5/9/2013,
Customer239,Karen Adams,kadams6m@netlog.com,$190.40,11/17/2012,
Customer240,Louise Stewart,lstewart6n@mapquest.com,$187.44,3/16/2015,
Customer241,Clarence Howell,chowell6o@dmoz.org,$565.85,6/30/2013,
Customer242,Frances Nichols,fnichols6p@gravatar.com,$726.74,8/17/2013,
Customer243,Anne Moreno,amoreno6q@mit.edu,$246.06,7/15/2015,
Customer244,Diana Cunningham,dcunningham6r@cisco.com,$669.10,4/17/2013,
Customer245,Kevin Wilson,kwilson6s@howstuffworks.com,$626.31,4/16/2014,
Customer246,Paula Dixon,pdixon6t@hud.gov,$522.37,3/28/2014,
Customer247,Evelyn Fields,efields6u@apple.com,$146.02,12/6/2012,
Customer248,Robert Foster,rfoster6v@baidu.com,$859.90,8/5/2014,
Customer249,Jesse Peterson,jpeterson6w@drupal.org,$957.81,5/2/2015,
Customer250,Steve Washington,swashington6x@yellowpages.com,$213.16,8/15/2014,
Customer251,James Knight,jknight6y@xinhuanet.com,$876.00,1/23/2013,
Customer252,Justin Wells,jwells6z@123-reg.co.uk,$320.11,5/27/2013,
Customer253,Stephen Rodriguez,srodriguez70@plala.or.jp,$634.95,10/2/2015,
Customer254,Janice Ward,jward71@people.com.cn,$549.69,10/25/2013,
Customer255,Carlos Russell,crussell72@yahoo.co.jp,$314.51,7/16/2015,
Customer256,Patricia Austin,paustin73@techcrunch.com,$180.01,8/4/2013,
Customer257,Andrea Hicks,ahicks74@tripadvisor.com,$318.76,8/4/2014,
Customer258,Phyllis Knight,pknight75@yandex.ru,$742.46,9/17/2014,
Customer259,Peter Howell,phowell76@nps.gov,$489.42,10/21/2013,
Customer260,Jesse Kennedy,jkennedy77@salon.com,$889.92,5/5/2013,
Customer261,Rose Perez,rperez78@studiopress.com,$690.29,11/30/2012,
Customer262,Jerry Burns,jburns79@mapquest.com,$399.08,5/31/2014,
Customer263,Norma Mccoy,nmccoy7a@istockphoto.com,$713.21,4/27/2014,
Customer264,Keith Franklin,kfranklin7b@nifty.com,$182.23,10/11/2014,
Customer265,Sandra Bryant,sbryant7c@amazonaws.com,$100.39,1/30/2013,
Customer266,Theresa Lynch,tlynch7d@nasa.gov,$441.43,2/17/2014,
Customer267,Stephanie Schmidt,sschmidt7e@rambler.ru,$850.01,4/25/2013,
Customer268,Terry Fox,tfox7f@google.co.uk,$899.74,12/1/2014,
Customer269,Larry Fernandez,lfernandez7g@hostgator.com,$750.95,9/30/2013,
Customer270,Sarah Parker,sparker7h@netscape.com,$22.68,10/12/2013,
Customer271,Betty Mendoza,bmendoza7i@ftc.gov,$287.20,10/18/2013,
Customer272,Ryan Armstrong,rarmstrong7j@jalbum.net,$708.71,5/18/2013,
Customer273,Jerry Bell,jbell7k@123-reg.co.uk,$629.92,12/4/2012,
Customer274,Gregory Kennedy,gkennedy7l@springer.com,$411.58,8/5/2013,
Customer275,Carlos Tucker,ctucker7m@indiegogo.com,$465.86,9/19/2015,
Customer276,Paul Scott,pscott7n@craigslist.org,$287.62,10/27/2013,
Customer277,Kenneth Patterson,kpatterson7o@vimeo.com,$13.61,3/28/2015,
Customer278,Donald Simmons,dsimmons7p@ca.gov,$277.60,1/24/2014,
Customer279,Billy Bradley,bbradley7q@discovery.com,$239.75,3/11/2015,
Customer280,Kathryn Hayes,khayes7r@eepurl.com,$567.53,4/16/2014,
Customer281,Sandra Wagner,swagner7s@merriam-webster.com,$332.91,5/15/2015,
Customer282,Ryan Perkins,rperkins7t@wufoo.com,$357.39,4/19/2015,
Customer283,Gerald Johnson,gjohnson7u@google.cn,$212.41,5/1/2015,
Customer284,Anna Franklin,afranklin7v@harvard.edu,$653.03,11/15/2014,
Customer285,Cheryl Johnston,cjohnston7w@sun.com,$939.44,2/3/2015,
Customer286,Ryan Miller,rmiller7x@twitpic.com,$230.57,4/18/2013,
Customer287,Juan Lane,jlane7y@cdbaby.com,$102.51,2/11/2015,
Customer288,William Powell,wpowell7z@typepad.com,$280.63,12/31/2013,
Customer289,Karen Snyder,ksnyder80@so-net.ne.jp,$966.63,5/18/2015,
Customer290,George Nguyen,gnguyen81@trellian.com,$642.76,10/18/2014,
Customer291,Nicholas Shaw,nshaw82@nsw.gov.au,$982.63,11/28/2013,
Customer292,Mary Wagner,mwagner83@sfgate.com,$644.48,12/24/2012,
Customer293,Judith Frazier,jfrazier84@wisc.edu,$713.61,6/15/2013,
Customer294,Diane Ruiz,druiz85@clickbank.net,$486.85,4/9/2013,
Customer295,James Griffin,jgriffin86@live.com,$465.16,7/3/2015,
Customer296,Dennis Evans,devans87@google.ca,$510.68,9/11/2014,
Customer297,Jonathan Hall,jhall88@goo.ne.jp,$356.78,11/18/2012,
Customer298,Judith Ryan,jryan89@hibu.com,$668.57,8/20/2013,
Customer299,Norma Edwards,nedwards8a@1688.com,$820.09,3/29/2015,
Customer300,John Bowman,jbowman8b@github.io,$328.32,6/19/2014,
Customer301,Elizabeth Mason,emason8c@youtu.be,$546.84,2/13/2015,
Customer302,Deborah Mason,dmason8d@mlb.com,$894.59,9/20/2013,
Customer303,David George,dgeorge8e@gov.uk,$587.55,1/25/2015,
Customer304,Juan Snyder,jsnyder8f@1und1.de,$223.84,6/20/2013,
Customer305,William Cox,wcox8g@myspace.com,$391.72,7/20/2015,
Customer306,Irene Warren,iwarren8h@bloomberg.com,$99.35,1/1/2013,
Customer307,Marie White,mwhite8i@intel.com,$403.74,6/22/2013,
Customer308,Teresa James,tjames8j@parallels.com,$418.09,7/22/2014,
Customer309,Norma Gutierrez,ngutierrez8k@opera.com,$723.98,11/20/2014,
Customer310,Virginia Fowler,vfowler8l@oakley.com,$640.22,7/15/2013,
Customer311,Wayne Frazier,wfrazier8m@networksolutions.com,$340.97,7/18/2015,
Customer312,Justin Peterson,jpeterson8n@house.gov,$543.75,7/23/2015,
Customer313,Denise Hicks,dhicks8o@nyu.edu,$747.03,9/7/2015,
Customer314,Kevin Larson,klarson8p@example.com,$284.87,11/12/2014,
Customer315,Ruby Cruz,rcruz8q@trellian.com,$398.50,3/14/2014,
Customer316,Carl Ross,cross8r@yahoo.com,$805.17,12/3/2014,
Customer317,Jesse Lawrence,jlawrence8s@businessweek.com,$429.47,8/17/2014,
Customer318,Jonathan Kim,jkim8t@free.fr,$286.00,3/24/2014,
Customer319,Wayne Wilson,wwilson8u@biblegateway.com,$698.52,3/13/2015,
Customer320,Janice Richards,jrichards8v@163.com,$665.76,5/5/2015,
Customer321,Gary Hansen,ghansen8w@reuters.com,$83.72,8/6/2015,
Customer322,Emily Wallace,ewallace8x@paypal.com,$941.05,12/14/2013,
Customer323,Douglas Reed,dreed8y@fastcompany.com,$431.95,10/27/2012,
Customer324,Christopher Fox,cfox8z@oakley.com,$761.81,7/5/2014,
Customer325,Ryan Carr,rcarr90@walmart.com,$613.75,10/28/2014,
Customer326,Amanda Hughes,ahughes91@bluehost.com,$234.41,6/26/2013,
Customer327,Sharon Vasquez,svasquez92@chronoengine.com,$787.74,11/13/2013,
Customer328,Mark Reyes,mreyes93@hud.gov,$763.09,6/4/2014,
Customer329,Theresa Mills,tmills94@fema.gov,$76.30,12/11/2014,
Customer330,Carol Hart,chart95@tumblr.com,$188.22,2/11/2014,
Customer331,Joseph Torres,jtorres96@deviantart.com,$28.85,12/8/2013,
Customer332,Marie Fields,mfields97@mediafire.com,$375.65,3/12/2015,
Customer333,Marilyn Reed,mreed98@europa.eu,$948.87,12/16/2014,
Customer334,Randy Boyd,rboyd99@chron.com,$300.22,9/12/2015,
Customer335,Craig Fields,cfields9a@google.it,$426.62,5/1/2014,
Customer336,Amanda Dean,adean9b@si.edu,$541.08,3/1/2013,
Customer337,Samuel Bell,sbell9c@stanford.edu,$388.44,7/25/2015,
Customer338,Janet Nelson,jnelson9d@vkontakte.ru,$225.92,1/15/2015,
Customer339,Marie Black,mblack9e@unblog.fr,$591.78,12/27/2013,
Customer340,Julia Crawford,jcrawford9f@cafepress.com,$285.21,4/3/2015,
Customer341,Joseph Walker,jwalker9g@answers.com,$410.97,1/26/2014,
Customer342,Gloria Burns,gburns9h@huffingtonpost.com,$112.88,12/31/2013,
Customer343,Lois Alexander,lalexander9i@sina.com.cn,$612.04,9/2/2014,
Customer344,Charles Elliott,celliott9j@google.com.hk,$731.29,10/4/2014,
Customer345,Julia Dixon,jdixon9k@hp.com,$687.97,6/1/2014,
Customer346,Betty Bryant,bbryant9l@washingtonpost.com,$152.40,8/7/2014,
Customer347,Lois Ferguson,lferguson9m@1und1.de,$786.97,8/28/2015,
Customer348,Kimberly Mcdonald,kmcdonald9n@github.com,$824.38,5/25/2014,
Customer349,Shawn Vasquez,svasquez9o@hugedomains.com,$614.34,2/5/2014,
Customer350,Raymond Stone,rstone9p@kickstarter.com,$716.00,9/27/2013,
Customer351,Linda Hernandez,lhernandez9q@fema.gov,$65.21,3/17/2013,
Customer352,Anna Perkins,aperkins9r@ibm.com,$803.43,1/11/2013,
Customer353,Justin Stanley,jstanley9s@lulu.com,$584.25,1/20/2013,
Customer354,Fred Fields,ffields9t@is.gd,$308.67,1/17/2015,
Customer355,Victor Fuller,vfuller9u@lulu.com,$968.68,1/6/2015,
Customer356,Bruce Daniels,bdaniels9v@whitehouse.gov,$163.83,5/11/2013,
Customer357,Rachel Jackson,rjackson9w@typepad.com,$368.43,7/27/2014,
Customer358,Pamela Carr,pcarr9x@xinhuanet.com,$649.24,7/17/2013,
Customer359,Adam Fowler,afowler9y@usnews.com,$309.69,7/23/2013,
Customer360,Joan Carpenter,jcarpenter9z@uol.com.br,$856.11,9/20/2014,
Customer361,Donna James,djamesa0@hp.com,$454.05,6/8/2015,
Customer362,Karen Bell,kbella1@ox.ac.uk,$117.94,5/12/2015,
Customer363,Wayne Alexander,walexandera2@myspace.com,$742.34,12/3/2013,
Customer364,Stephanie Powell,spowella3@deliciousdays.com,$713.60,3/16/2014,
Customer365,Debra Henry,dhenrya4@sbwire.com,$193.54,5/6/2014,
Customer366,Marilyn Murphy,mmurphya5@china.com.cn,$458.21,2/19/2013,
Customer367,Jeffrey Cole,jcolea6@uiuc.edu,$74.58,2/22/2015,
Customer368,Pamela Morales,pmoralesa7@rakuten.co.jp,$482.57,9/12/2014,
Customer369,Patricia Long,plonga8@linkedin.com,$871.51,11/12/2013,
Customer370,Russell Freeman,rfreemana9@cbc.ca,$29.76,12/8/2014,
Customer371,Terry Ryan,tryanaa@wix.com,$105.29,3/10/2015,
Customer372,Katherine Moore,kmooreab@nationalgeographic.com,$392.85,7/19/2013,
Customer373,Paula Ortiz,portizac@wp.com,$487.61,12/12/2013,
Customer374,Lori Henderson,lhendersonad@vk.com,$903.67,9/10/2015,
Customer375,Alan Chapman,achapmanae@360.cn,$14.36,6/10/2013,
Customer376,Norma Bradley,nbradleyaf@fastcompany.com,$168.09,10/25/2014,
Customer377,Melissa Wood,mwoodag@wikimedia.org,$883.52,2/14/2013,
Customer378,Bonnie Perry,bperryah@sciencedaily.com,$640.48,1/7/2014,
Customer379,Frances Rogers,frogersai@blogs.com,$241.25,1/25/2013,
Customer380,Bonnie Meyer,bmeyeraj@ifeng.com,$843.70,7/29/2013,
Customer381,Norma Hill,nhillak@umich.edu,$856.19,9/14/2013,
Customer382,Ruth Ferguson,rfergusonal@multiply.com,$909.17,10/13/2013,
Customer383,Nicole Washington,nwashingtonam@ask.com,$687.46,9/6/2015,
Customer384,Karen Smith,ksmithan@scribd.com,$773.15,3/24/2013,
Customer385,Ronald Williamson,rwilliamsonao@archive.org,$804.05,6/5/2014,
Customer386,Robert Sullivan,rsullivanap@pbs.org,$726.96,9/2/2014,
Customer387,Bonnie Owens,bowensaq@simplemachines.org,$915.44,9/17/2015,
Customer388,Betty Thompson,bthompsonar@tinypic.com,$256.28,4/29/2013,
Customer389,Jean Garcia,jgarciaas@odnoklassniki.ru,$43.78,2/25/2015,
Customer390,Rebecca Cox,rcoxat@dropbox.com,$725.74,2/25/2015,
Customer391,Gloria Jenkins,gjenkinsau@odnoklassniki.ru,$212.93,12/1/2013,
Customer392,Lisa Romero,lromeroav@w3.org,$90.37,6/5/2013,
Customer393,Andrew Shaw,ashawaw@jimdo.com,$311.86,9/20/2014,
Customer394,Victor Carroll,vcarrollax@ted.com,$452.39,2/9/2013,
Customer395,Ernest Hughes,ehughesay@digg.com,$624.65,9/9/2014,
Customer396,Paula Cruz,pcruzaz@odnoklassniki.ru,$810.59,8/19/2014,
Customer397,Karen Martin,kmartinb0@bing.com,$775.67,3/18/2014,
Customer398,Shirley Gonzales,sgonzalesb1@acquirethisname.com,$366.29,8/10/2013,
Customer399,Mary Fields,mfieldsb2@canalblog.com,$39.73,11/27/2013,
Customer400,Patricia Russell,prussellb3@soup.io,$561.89,7/15/2014,
Customer401,Benjamin Willis,bwillisb4@soundcloud.com,$365.96,11/24/2012,
Customer402,Thomas Palmer,tpalmerb5@miibeian.gov.cn,$102.62,5/17/2013,
Customer403,Jessica Bradley,jbradleyb6@shareasale.com,$252.82,3/13/2014,
Customer404,Kathleen Willis,kwillisb7@jiathis.com,$282.60,8/31/2014,
Customer405,Aaron Larson,alarsonb8@telegraph.co.uk,$294.35,11/23/2012,
Customer406,Bonnie Bailey,bbaileyb9@alexa.com,$839.80,8/9/2015,
Customer407,Kathryn Stevens,kstevensba@un.org,$290.80,7/12/2013,
Customer408,Stephen Freeman,sfreemanbb@ucoz.ru,$642.34,8/3/2014,
Customer409,Brandon Washington,bwashingtonbc@netvibes.com,$625.45,1/4/2014,
Customer410,Kathy Gomez,kgomezbd@gizmodo.com,$212.62,9/28/2015,
Customer411,Jonathan Jenkins,jjenkinsbe@uiuc.edu,$94.76,12/12/2013,
Customer412,Howard Porter,hporterbf@cbslocal.com,$991.39,7/5/2015,
Customer413,Bobby Young,byoungbg@java.com,$213.26,11/14/2013,
Customer414,Emily Webb,ewebbbh@sphinn.com,$95.75,5/25/2015,
Customer415,Carl Mccoy,cmccoybi@techcrunch.com,$107.76,4/21/2013,
Customer416,Kathleen Fernandez,kfernandezbj@yahoo.com,$764.42,6/11/2013,
Customer417,Jeffrey Gray,jgraybk@acquirethisname.com,$702.20,5/29/2015,
Customer418,Phyllis Murray,pmurraybl@baidu.com,$103.11,11/4/2012,
Customer419,Jeffrey Ellis,jellisbm@themeforest.net,$397.73,10/24/2014,
Customer420,Norma Graham,ngrahambn@skyrock.com,$400.71,12/21/2013,
Customer421,Linda Bell,lbellbo@ezinearticles.com,$338.12,4/3/2013,
Customer422,Philip George,pgeorgebp@reddit.com,$204.87,7/28/2015,
Customer423,Paula Williamson,pwilliamsonbq@bloomberg.com,$529.99,1/15/2013,
Customer424,Clarence Lane,clanebr@irs.gov,$317.09,2/3/2013,
Customer425,Walter Ross,wrossbs@123-reg.co.uk,$29.76,12/10/2014,
Customer426,Mark Sims,msimsbt@webnode.com,$838.55,5/6/2013,
Customer427,Jason Reynolds,jreynoldsbu@earthlink.net,$118.32,5/20/2015,
Customer428,Stephen Jordan,sjordanbv@tamu.edu,$924.42,9/13/2013,
Customer429,Irene Alvarez,ialvarezbw@ft.com,$444.71,8/20/2015,
Customer430,Patricia Arnold,parnoldbx@tripadvisor.com,$554.46,9/2/2013,
Customer431,Paula Cox,pcoxby@hhs.gov,$802.41,1/19/2015,
Customer432,Pamela Weaver,pweaverbz@baidu.com,$664.60,9/13/2015,
Customer433,Mark Perkins,mperkinsc0@cbslocal.com,$607.29,9/23/2013,
Customer434,Julia Meyer,jmeyerc1@about.me,$681.75,10/26/2012,
Customer435,Amy Stone,astonec2@state.tx.us,$721.88,4/27/2015,
Customer436,Timothy Martinez,tmartinezc3@github.io,$133.06,11/21/2012,
Customer437,Cynthia Cole,ccolec4@g.co,$39.92,6/10/2015,
Customer438,Arthur Peters,apetersc5@acquirethisname.com,$366.22,11/5/2012,
Customer439,Phyllis Wright,pwrightc6@webs.com,$784.19,7/12/2015,
Customer440,Andrea Webb,awebbc7@twitter.com,$773.99,3/1/2015,
Customer441,Alice Carr,acarrc8@163.com,$607.87,1/27/2015,
Customer442,Charles Medina,cmedinac9@youku.com,$746.01,10/28/2014,
Customer443,Keith Watkins,kwatkinsca@google.fr,$158.48,12/1/2012,
Customer444,Nicholas Harper,nharpercb@msn.com,$355.36,9/3/2015,
Customer445,Billy Price,bpricecc@baidu.com,$801.43,4/19/2014,
Customer446,Phillip Howard,phowardcd@admin.ch,$918.04,9/10/2013,
Customer447,Dennis Meyer,dmeyerce@baidu.com,$198.31,5/14/2015,
Customer448,Anna Wood,awoodcf@engadget.com,$301.12,7/16/2014,
Customer449,George Garrett,ggarrettcg@mlb.com,$866.58,9/29/2015,
Customer450,Amanda Morales,amoralesch@ted.com,$731.30,7/10/2014,
Customer451,Steven Spencer,sspencerci@noaa.gov,$986.44,9/8/2014,
Customer452,Jerry Bennett,jbennettcj@xing.com,$928.43,10/31/2014,
Customer453,George Armstrong,garmstrongck@wsj.com,$449.99,9/25/2015,
Customer454,Robert Hanson,rhansoncl@aboutads.info,$951.48,1/26/2015,
Customer455,Bonnie Rivera,briveracm@phpbb.com,$906.91,2/27/2013,
Customer456,Andrea Lane,alanecn@51.la,$492.34,9/24/2015,
Customer457,Adam Foster,afosterco@meetup.com,$931.56,12/16/2014,
Customer458,Earl Wood,ewoodcp@mtv.com,$601.88,6/17/2014,
Customer459,Carolyn Peters,cpeterscq@sfgate.com,$606.25,8/2/2015,
Customer460,Martin Martin,mmartincr@dot.gov,$706.62,9/2/2014,
Customer461,Roger Richards,rrichardscs@army.mil,$872.99,9/28/2014,
Customer462,Linda Howell,lhowellct@ted.com,$788.93,12/23/2014,
Customer463,Howard Hill,hhillcu@purevolume.com,$814.84,4/23/2013,
Customer464,Rachel Castillo,rcastillocv@cbsnews.com,$150.38,9/8/2014,
Customer465,Walter Lee,wleecw@youku.com,$88.11,3/7/2015,
Customer466,Henry Kim,hkimcx@cnet.com,$889.64,4/7/2014,
Customer467,Diane Brooks,dbrookscy@jimdo.com,$501.83,9/24/2015,
Customer468,Carlos Bell,cbellcz@aol.com,$600.60,5/26/2013,
Customer469,Elizabeth Cruz,ecruzd0@oakley.com,$217.63,4/18/2015,
Customer470,Justin Hayes,jhayesd1@cbc.ca,$606.72,11/26/2012,
Customer471,Christopher Simpson,csimpsond2@dot.gov,$710.11,12/13/2012,
Customer472,Debra Jacobs,djacobsd3@fastcompany.com,$633.37,6/29/2013,
Customer473,Catherine Clark,cclarkd4@examiner.com,$475.21,7/20/2013,
Customer474,Catherine Hayes,chayesd5@bandcamp.com,$499.79,6/17/2015,
Customer475,Jonathan Freeman,jfreemand6@latimes.com,$224.67,11/30/2014,
Customer476,Joyce Porter,jporterd7@illinois.edu,$697.73,1/21/2013,
Customer477,Jane Brooks,jbrooksd8@illinois.edu,$120.13,12/22/2014,
Customer478,Brian Greene,bgreened9@histats.com,$905.01,12/23/2013,
Customer479,Kathy Hicks,khicksda@xrea.com,$740.72,6/17/2015,
Customer480,Roy Morales,rmoralesdb@auda.org.au,$336.99,11/26/2012,
Customer481,Scott Bishop,sbishopdc@xinhuanet.com,$539.88,11/27/2014,
Customer482,Lori Harrison,lharrisondd@patch.com,$974.55,9/29/2015,
Customer483,Scott Elliott,selliottde@delicious.com,$465.76,3/7/2013,
Customer484,Robert Duncan,rduncandf@go.com,$124.83,10/3/2015,
Customer485,Cynthia Webb,cwebbdg@indiatimes.com,$540.26,3/10/2014,
Customer486,Philip Jacobs,pjacobsdh@ucoz.com,$101.34,10/9/2014,
Customer487,Peter Nichols,pnicholsdi@slideshare.net,$24.22,3/3/2014,
Customer488,Carolyn Ward,cwarddj@webs.com,$373.01,10/20/2013,
Customer489,Shawn Kennedy,skennedydk@geocities.jp,$910.24,11/21/2012,
Customer490,Paula Kennedy,pkennedydl@hostgator.com,$973.99,12/17/2012,
Customer491,Cheryl Howard,chowarddm@wiley.com,$582.83,1/6/2013,
Customer492,Rachel Mason,rmasondn@europa.eu,$569.97,6/12/2015,
Customer493,Anna Phillips,aphillipsdo@amazon.de,$51.15,5/25/2015,
Customer494,Juan Brown,jbrowndp@linkedin.com,$718.08,2/19/2013,
Customer495,Ronald Gonzalez,rgonzalezdq@lycos.com,$600.72,6/15/2015,
Customer496,Craig Perez,cperezdr@goo.ne.jp,$176.80,8/28/2013,
Customer497,Jason Brooks,jbrooksds@chicagotribune.com,$10.23,1/26/2014,
Customer498,Harold Richards,hrichardsdt@hexun.com,$539.07,2/10/2015,
Customer499,Peter Lynch,plynchdu@prweb.com,$898.15,2/24/2015,
Customer500,Martha Stanley,mstanleydv@spotify.com,$981.50,8/29/2015,
Customer501,Martin Collins,mcollinsdw@marketwatch.com,$473.98,6/28/2015,
Customer502,Jane Ford,jforddx@opensource.org,$246.49,2/4/2015,
Customer503,Larry Watkins,lwatkinsdy@sourceforge.net,$996.71,7/20/2014,
Customer504,Marilyn Fields,mfieldsdz@cnet.com,$745.62,7/7/2015,
Customer505,Edward Adams,eadamse0@craigslist.org,$749.42,8/9/2015,
Customer506,Anne Arnold,aarnolde1@instagram.com,$38.97,8/15/2013,
Customer507,Steve Pierce,spiercee2@nbcnews.com,$869.55,7/15/2015,
Customer508,Billy Andrews,bandrewse3@nhs.uk,$293.63,1/24/2015,
Customer509,Stephanie James,sjamese4@feedburner.com,$976.46,2/14/2014,
Customer510,Jimmy Simmons,jsimmonse5@blogger.com,$201.42,12/31/2012,
Customer511,Louise Simpson,lsimpsone6@apple.com,$772.33,2/11/2013,
Customer512,Julie Fuller,jfullere7@yolasite.com,$152.95,9/3/2014,
Customer513,Douglas Evans,devanse8@state.tx.us,$464.11,1/15/2014,
Customer514,Helen Diaz,hdiaze9@bigcartel.com,$53.95,6/21/2013,
Customer515,Jesse Hunt,jhuntea@toplist.cz,$517.69,4/14/2015,
Customer516,Roger Austin,raustineb@bigcartel.com,$326.94,10/16/2014,
Customer517,Deborah Martin,dmartinec@tripadvisor.com,$967.05,4/14/2015,
Customer518,Marie Robinson,mrobinsoned@nbcnews.com,$595.96,11/10/2013,
Customer519,Jean Campbell,jcampbellee@indiatimes.com,$889.41,6/30/2013,
Customer520,Julie Reyes,jreyesef@about.me,$264.81,6/12/2013,
Customer521,Carolyn Hill,chilleg@upenn.edu,$97.94,2/19/2015,
Customer522,Antonio Wilson,awilsoneh@baidu.com,$786.53,1/21/2013,
Customer523,Dorothy Pierce,dpierceei@phpbb.com,$109.43,4/1/2014,
Customer524,Jessica Ramos,jramosej@hud.gov,$913.35,12/15/2014,
Customer525,Henry Bailey,hbaileyek@theglobeandmail.com,$183.77,12/10/2013,
Customer526,Tammy Walker,twalkerel@github.io,$728.09,6/8/2014,
Customer527,Kimberly Cooper,kcooperem@blogger.com,$65.38,9/14/2015,
Customer528,Keith Wood,kwooden@uiuc.edu,$176.42,11/29/2012,
Customer529,Gregory Thomas,gthomaseo@amazon.co.uk,$551.49,4/27/2014,
Customer530,Christine Griffin,cgriffinep@washington.edu,$780.29,10/8/2013,
Customer531,Ryan Larson,rlarsoneq@tamu.edu,$731.23,2/28/2015,
Customer532,Dorothy Anderson,dandersoner@arizona.edu,$639.28,2/22/2015,
Customer533,Chris White,cwhitees@java.com,$337.45,11/18/2014,
Customer534,Larry Collins,lcollinset@flickr.com,$179.47,5/13/2013,
Customer535,Ralph Richards,rrichardseu@gmpg.org,$603.05,11/7/2014,
Customer536,Kathy White,kwhiteev@gnu.org,$242.46,5/21/2015,
Customer537,Tina Martin,tmartinew@bizjournals.com,$583.14,12/2/2013,
Customer538,Frances Fernandez,ffernandezex@hud.gov,$256.62,12/11/2012,
Customer539,Anne Watson,awatsoney@163.com,$914.96,6/1/2013,
Customer540,Lillian Black,lblackez@delicious.com,$36.76,6/24/2013,
Customer541,Pamela Welch,pwelchf0@skype.com,$513.32,2/10/2013,
Customer542,Ann Flores,afloresf1@constantcontact.com,$42.71,2/24/2013,
Customer543,Susan Andrews,sandrewsf2@economist.com,$501.29,3/23/2015,
Customer544,Victor Wagner,vwagnerf3@hubpages.com,$320.74,7/5/2015,
Customer545,Charles Garcia,cgarciaf4@whitehouse.gov,$408.11,1/8/2013,
Customer546,Matthew Wells,mwellsf5@deliciousdays.com,$362.75,2/9/2014,
Customer547,Carolyn Barnes,cbarnesf6@hhs.gov,$852.75,8/12/2014,
Customer548,Rose Fowler,rfowlerf7@stumbleupon.com,$68.49,5/21/2014,
Customer549,Cheryl Richardson,crichardsonf8@php.net,$881.68,5/14/2015,
Customer550,Jose Hunter,jhunterf9@newsvine.com,$392.46,1/2/2014,
Customer551,Phyllis James,pjamesfa@freewebs.com,$335.49,4/28/2013,
Customer552,Billy Johnston,bjohnstonfb@google.com.br,$880.39,9/26/2014,
Customer553,Christine Powell,cpowellfc@howstuffworks.com,$16.87,1/31/2014,
Customer554,Victor Jones,vjonesfd@ihg.com,$154.75,11/29/2013,
Customer555,Timothy Rogers,trogersfe@themeforest.net,$152.09,5/19/2013,
Customer556,Martha Ramos,mramosff@marriott.com,$98.02,7/13/2015,
Customer557,Fred Ramirez,framirezfg@columbia.edu,$649.42,5/13/2014,
Customer558,Fred Lee,fleefh@pen.io,$838.86,11/7/2012,
Customer559,Carol Kelley,ckelleyfi@twitpic.com,$85.94,4/4/2013,
Customer560,Michelle Berry,mberryfj@imdb.com,$977.50,6/7/2013,
Customer561,Jason Fowler,jfowlerfk@barnesandnoble.com,$686.96,9/14/2014,
Customer562,Irene Alvarez,ialvarezfl@eepurl.com,$220.83,4/25/2013,
Customer563,David Marshall,dmarshallfm@ed.gov,$519.91,11/9/2014,
Customer564,Clarence Hunt,chuntfn@howstuffworks.com,$437.97,8/22/2015,
Customer565,Earl Bell,ebellfo@hostgator.com,$638.31,8/14/2015,
Customer566,Evelyn Peterson,epetersonfp@phpbb.com,$671.96,5/9/2013,
Customer567,Jacqueline Medina,jmedinafq@icio.us,$282.73,3/30/2013,
Customer568,Kathleen Carroll,kcarrollfr@parallels.com,$817.77,1/26/2015,
Customer569,Laura Taylor,ltaylorfs@buzzfeed.com,$776.11,2/1/2014,
Customer570,Helen Johnston,hjohnstonft@alexa.com,$420.21,1/17/2014,
Customer571,Anthony Black,ablackfu@hp.com,$488.75,1/26/2014,
Customer572,Paul Bryant,pbryantfv@com.com,$622.58,1/22/2015,
Customer573,Katherine Moreno,kmorenofw@wiley.com,$237.99,5/23/2015,
Customer574,Russell Garza,rgarzafx@ihg.com,$627.03,3/20/2015,
Customer575,Janice Medina,jmedinafy@pinterest.com,$501.82,1/8/2013,
Customer576,Benjamin Simpson,bsimpsonfz@bbc.co.uk,$874.05,12/9/2012,
Customer577,Phillip Jordan,pjordang0@blinklist.com,$927.31,1/20/2014,
Customer578,Andrew Perkins,aperkinsg1@dmoz.org,$365.93,5/8/2015,
Customer579,Nancy Myers,nmyersg2@uol.com.br,$179.17,9/19/2015,
Customer580,Samuel Hall,shallg3@networkadvertising.org,$33.78,6/9/2015,
Customer581,Henry Bowman,hbowmang4@npr.org,$655.69,11/23/2014,
Customer582,Gloria Roberts,grobertsg5@newsvine.com,$471.28,5/7/2014,
Customer583,Thomas Peters,tpetersg6@time.com,$195.38,3/7/2015,
Customer584,Tina Bailey,tbaileyg7@xrea.com,$577.07,10/3/2014,
Customer585,Adam Harrison,aharrisong8@unesco.org,$986.08,7/18/2015,
Customer586,Ashley Arnold,aarnoldg9@reddit.com,$920.35,10/29/2012,
Customer587,Angela Boyd,aboydga@wikia.com,$116.70,5/6/2014,
Customer588,Dorothy Walker,dwalkergb@storify.com,$724.29,3/18/2013,
Customer589,Ronald Roberts,rrobertsgc@prweb.com,$601.98,4/22/2013,
Customer590,Edward Bell,ebellgd@purevolume.com,$663.38,10/1/2013,
Customer591,Kenneth Ryan,kryange@google.cn,$894.54,9/28/2014,
Customer592,Amanda Burke,aburkegf@cbc.ca,$211.15,4/12/2014,
Customer593,Andrew Reed,areedgg@cafepress.com,$510.38,10/29/2013,
Customer594,Doris Bryant,dbryantgh@unesco.org,$395.30,1/11/2014,
Customer595,Juan Reed,jreedgi@wiley.com,$820.25,12/24/2013,
Customer596,Ernest Dunn,edunngj@simplemachines.org,$307.81,6/6/2015,
Customer597,Harold Morrison,hmorrisongk@mapy.cz,$852.29,1/26/2013,
Customer598,Donald Dixon,ddixongl@blogger.com,$848.30,11/17/2012,
Customer599,Rebecca Hughes,rhughesgm@cargocollective.com,$524.53,9/25/2014,
Customer600,John Butler,jbutlergn@smugmug.com,$149.71,6/6/2014,
Customer601,Cheryl Hughes,chughesgo@ifeng.com,$597.05,4/26/2015,
Customer602,Tammy Little,tlittlegp@noaa.gov,$195.84,4/9/2014,
Customer603,Donald Holmes,dholmesgq@wikispaces.com,$507.83,11/24/2012,
Customer604,Robin Walker,rwalkergr@apache.org,$136.46,8/27/2014,
Customer605,Melissa Adams,madamsgs@washington.edu,$610.77,9/11/2013,
Customer606,Gloria Harrison,gharrisongt@wunderground.com,$806.41,9/19/2013,
Customer607,Carol Arnold,carnoldgu@seattletimes.com,$302.62,5/4/2013,
Customer608,Anthony Patterson,apattersongv@wix.com,$483.50,6/5/2014,
Customer609,Jessica Stone,jstonegw@gov.uk,$932.11,10/31/2013,
Customer610,Justin Tucker,jtuckergx@skyrock.com,$130.05,11/24/2014,
Customer611,Paula Welch,pwelchgy@mail.ru,$276.81,11/20/2014,
Customer612,Shawn Sims,ssimsgz@instagram.com,$766.53,10/24/2013,
Customer613,Diane Stevens,dstevensh0@webs.com,$924.57,12/10/2013,
Customer614,Adam Burns,aburnsh1@google.ru,$150.48,8/29/2014,
Customer615,Jerry Palmer,jpalmerh2@google.nl,$182.85,8/20/2013,
Customer616,Ryan Thompson,rthompsonh3@omniture.com,$923.26,3/5/2014,
Customer617,Randy Snyder,rsnyderh4@miibeian.gov.cn,$391.31,5/13/2013,
Customer618,Todd Gilbert,tgilberth5@wp.com,$856.35,9/24/2015,
Customer619,Angela Lawson,alawsonh6@shinystat.com,$507.15,8/27/2013,
Customer620,Kathleen Wells,kwellsh7@mac.com,$179.20,10/2/2013,
Customer621,Emily Tucker,etuckerh8@nature.com,$155.25,6/9/2015,
Customer622,Rose Hernandez,rhernandezh9@usatoday.com,$973.14,10/10/2013,
Customer623,Diana Crawford,dcrawfordha@toplist.cz,$401.47,11/6/2012,
Customer624,Terry Cooper,tcooperhb@oakley.com,$161.46,6/17/2015,
Customer625,Jonathan Roberts,jrobertshc@tinyurl.com,$807.03,11/25/2012,
Customer626,Rose West,rwesthd@usda.gov,$213.71,8/7/2013,
Customer627,Roy Griffin,rgriffinhe@vimeo.com,$581.07,5/21/2013,
Customer628,Sean Gomez,sgomezhf@mozilla.com,$795.61,3/30/2013,
Customer629,Martha Sanchez,msanchezhg@bbb.org,$225.92,3/26/2015,
Customer630,Amanda Morales,amoraleshh@bloomberg.com,$813.65,7/2/2014,
Customer631,Roger Murray,rmurrayhi@independent.co.uk,$463.33,8/13/2015,
Customer632,Andrea Lawson,alawsonhj@ucoz.ru,$634.14,11/23/2013,
Customer633,Patricia Elliott,pelliotthk@ca.gov,$243.94,9/15/2015,
Customer634,Sandra Hernandez,shernandezhl@privacy.gov.au,$182.41,3/31/2015,
Customer635,Albert Cunningham,acunninghamhm@salon.com,$894.47,6/9/2015,
Customer636,Diane Matthews,dmatthewshn@abc.net.au,$442.28,11/16/2014,
Customer637,Christopher Ortiz,cortizho@wunderground.com,$367.84,9/13/2014,
Customer638,Bobby Mitchell,bmitchellhp@columbia.edu,$597.12,6/24/2015,
Customer639,Ronald Fuller,rfullerhq@examiner.com,$290.57,10/29/2012,
Customer640,Wayne Walker,wwalkerhr@virginia.edu,$808.50,11/17/2014,
Customer641,Joshua Meyer,jmeyerhs@nifty.com,$725.40,5/15/2014,
Customer642,Mary Gomez,mgomezht@prweb.com,$621.14,9/22/2013,
Customer643,Dorothy Gutierrez,dgutierrezhu@umn.edu,$711.53,10/9/2012,
Customer644,Earl Olson,eolsonhv@booking.com,$262.86,1/1/2014,
Customer645,Susan Pierce,spiercehw@wisc.edu,$201.70,11/16/2013,
Customer646,Catherine West,cwesthx@google.cn,$818.75,11/7/2012,
Customer647,Paula Kelly,pkellyhy@51.la,$113.92,5/2/2014,
Customer648,Ernest Gardner,egardnerhz@bigcartel.com,$716.57,12/11/2013,
Customer649,Kathleen Parker,kparkeri0@webmd.com,$639.96,10/12/2012,
Customer650,Jane Cruz,jcruzi1@istockphoto.com,$920.84,6/23/2013,
Customer651,Helen Stevens,hstevensi2@alibaba.com,$354.39,2/17/2014,
Customer652,Dorothy Elliott,delliotti3@networkadvertising.org,$419.67,4/28/2014,
Customer653,Lisa Stephens,lstephensi4@de.vu,$145.56,7/3/2013,
Customer654,James Hernandez,jhernandezi5@google.nl,$420.88,2/4/2014,
Customer655,Carl Bell,cbelli6@linkedin.com,$361.44,1/14/2014,
Customer656,Dennis Ortiz,dortizi7@salon.com,$62.13,11/13/2012,
Customer657,Fred Arnold,farnoldi8@craigslist.org,$875.74,7/27/2015,
Customer658,Donald Jacobs,djacobsi9@facebook.com,$894.67,1/12/2014,
Customer659,Scott Cox,scoxia@nyu.edu,$492.64,4/24/2013,
Customer660,Diana Weaver,dweaverib@woothemes.com,$555.92,2/25/2014,
Customer661,Fred Watson,fwatsonic@amazon.de,$87.15,4/3/2014,
Customer662,Peter Warren,pwarrenid@zdnet.com,$729.65,7/26/2013,
Customer663,Laura Stone,lstoneie@cnn.com,$967.75,3/2/2014,
Customer664,Mark Carroll,mcarrollif@theguardian.com,$972.86,9/14/2013,
Customer665,Timothy Hamilton,thamiltonig@jigsy.com,$271.02,10/17/2014,
Customer666,Tammy Pierce,tpierceih@mit.edu,$168.19,2/18/2015,
Customer667,Gloria Stanley,gstanleyii@rediff.com,$366.77,6/22/2015,
Customer668,Susan Butler,sbutlerij@ftc.gov,$77.37,7/17/2015,
Customer669,Teresa Fowler,tfowlerik@bluehost.com,$75.12,10/14/2014,
Customer670,Eric Sims,esimsil@technorati.com,$812.42,9/20/2013,
Customer671,Raymond George,rgeorgeim@stumbleupon.com,$156.57,5/18/2015,
Customer672,Diane Simpson,dsimpsonin@imgur.com,$892.12,12/22/2013,
Customer673,Daniel Cox,dcoxio@vkontakte.ru,$320.57,6/18/2015,
Customer674,Patricia Perez,pperezip@de.vu,$530.69,8/7/2015,
Customer675,Chris Hudson,chudsoniq@last.fm,$772.36,3/11/2013,
Customer676,Cheryl Fisher,cfisherir@posterous.com,$184.18,7/4/2015,
Customer677,Jane Rose,jroseis@unicef.org,$425.41,9/22/2015,
Customer678,David Nelson,dnelsonit@ca.gov,$149.03,9/8/2013,
Customer679,Robin Lawrence,rlawrenceiu@mozilla.org,$363.73,6/13/2015,
Customer680,Kelly Gonzales,kgonzalesiv@privacy.gov.au,$109.01,7/12/2015,
Customer681,Kimberly Weaver,kweaveriw@wix.com,$25.36,8/21/2013,
Customer682,Frank Lynch,flynchix@miibeian.gov.cn,$223.16,4/23/2014,
Customer683,Louise Armstrong,larmstrongiy@printfriendly.com,$149.85,3/12/2013,
Customer684,Adam Holmes,aholmesiz@ibm.com,$35.64,6/7/2015,
Customer685,Juan Webb,jwebbj0@ucla.edu,$396.17,2/26/2015,
Customer686,Robert Davis,rdavisj1@time.com,$793.53,2/18/2014,
Customer687,Roger Hudson,rhudsonj2@mac.com,$318.86,4/24/2014,
Customer688,Billy Garza,bgarzaj3@issuu.com,$624.00,5/19/2013,
Customer689,Peter Shaw,pshawj4@businessinsider.com,$820.55,5/9/2015,
Customer690,Elizabeth Mccoy,emccoyj5@wufoo.com,$931.82,12/8/2013,
Customer691,Judy West,jwestj6@amazon.com,$600.00,3/2/2014,
Customer692,Eric Campbell,ecampbellj7@technorati.com,$971.48,5/18/2013,
Customer693,Christine Armstrong,carmstrongj8@hhs.gov,$947.59,10/14/2013,
Customer694,Samuel Tucker,stuckerj9@bravesites.com,$863.05,5/20/2013,
Customer695,Kathleen Bennett,kbennettja@home.pl,$356.09,10/9/2013,
Customer696,Carol Thomas,cthomasjb@wunderground.com,$874.98,12/3/2013,
Customer697,Bobby Rice,bricejc@hud.gov,$251.95,10/28/2013,
Customer698,Tina Nelson,tnelsonjd@deviantart.com,$143.47,5/7/2015,
Customer699,Jack Diaz,jdiazje@cnbc.com,$554.69,8/18/2013,
Customer700,Jean Weaver,jweaverjf@qq.com,$169.11,11/25/2013,
Customer701,Peter Roberts,probertsjg@kickstarter.com,$666.64,1/17/2015,
Customer702,Todd Edwards,tedwardsjh@mozilla.com,$252.98,11/22/2014,
Customer703,Diana Hanson,dhansonji@msn.com,$27.89,11/22/2014,
Customer704,Gregory Dean,gdeanjj@theguardian.com,$81.77,7/29/2013,
Customer705,Heather Johnston,hjohnstonjk@spotify.com,$227.91,3/16/2014,
Customer706,Timothy Harper,tharperjl@techcrunch.com,$686.16,7/21/2014,
Customer707,Christina Williamson,cwilliamsonjm@addtoany.com,$756.50,9/10/2014,
Customer708,Earl Larson,elarsonjn@bloglines.com,$791.07,9/9/2014,
Customer709,Virginia Ellis,vellisjo@wiley.com,$856.00,2/1/2013,
Customer710,Teresa Porter,tporterjp@marriott.com,$427.26,12/3/2012,
Customer711,William Matthews,wmatthewsjq@123-reg.co.uk,$208.25,9/6/2015,
Customer712,Ronald Matthews,rmatthewsjr@guardian.co.uk,$722.91,3/28/2013,
Customer713,Pamela Hall,phalljs@is.gd,$537.85,2/9/2014,
Customer714,Diana Perkins,dperkinsjt@ft.com,$698.89,11/19/2013,
Customer715,Bobby Hughes,bhughesju@geocities.com,$166.74,12/12/2013,
Customer716,Amanda Turner,aturnerjv@bravesites.com,$234.01,3/30/2013,
Customer717,Gerald James,gjamesjw@marriott.com,$938.79,2/24/2013,
Customer718,Doris Kim,dkimjx@phoca.cz,$283.02,2/20/2013,
Customer719,George Hall,ghalljy@biblegateway.com,$217.13,5/1/2015,
Customer720,Willie Ryan,wryanjz@hibu.com,$406.28,7/15/2014,
Customer721,Tina Thompson,tthompsonk0@utexas.edu,$34.06,7/30/2015,
Customer722,Nicholas Ray,nrayk1@alibaba.com,$866.58,5/18/2013,
Customer723,Evelyn Hall,ehallk2@delicious.com,$165.28,8/28/2014,
Customer724,Kathleen Campbell,kcampbellk3@mayoclinic.com,$798.37,6/23/2015,
Customer725,Jean Young,jyoungk4@thetimes.co.uk,$251.26,3/24/2013,
Customer726,Keith Harper,kharperk5@harvard.edu,$457.89,6/21/2015,
Customer727,Wayne Garrett,wgarrettk6@squidoo.com,$238.79,6/20/2013,
Customer728,Carolyn Torres,ctorresk7@freewebs.com,$148.47,12/19/2014,
Customer729,Gloria Medina,gmedinak8@typepad.com,$171.06,12/12/2012,
Customer730,Jessica Garcia,jgarciak9@cisco.com,$236.11,11/7/2014,
Customer731,Terry Sullivan,tsullivanka@kickstarter.com,$485.34,7/6/2015,
Customer732,Robin Reid,rreidkb@privacy.gov.au,$326.46,5/25/2013,
Customer733,Elizabeth Hudson,ehudsonkc@state.tx.us,$933.26,7/24/2014,
Customer734,Amanda Henderson,ahendersonkd@buzzfeed.com,$786.84,1/21/2015,
Customer735,Evelyn Owens,eowenske@bigcartel.com,$341.88,7/24/2015,
Customer736,Anna Carter,acarterkf@digg.com,$81.37,5/6/2014,
Customer737,Earl Perkins,eperkinskg@auda.org.au,$433.68,7/4/2013,
Customer738,Jane Martinez,jmartinezkh@ox.ac.uk,$531.44,11/12/2014,
Customer739,Helen Jacobs,hjacobski@altervista.org,$323.06,8/21/2014,
Customer740,Barbara Foster,bfosterkj@paypal.com,$548.50,6/17/2013,
Customer741,Paul Stone,pstonekk@arstechnica.com,$850.17,6/6/2014,
Customer742,Jennifer Lee,jleekl@twitter.com,$366.40,4/1/2014,
Customer743,Teresa Kelly,tkellykm@netscape.com,$123.15,3/16/2013,
Customer744,Jane Wallace,jwallacekn@bloglines.com,$601.31,5/24/2013,
Customer745,Joseph Cole,jcoleko@list-manage.com,$979.50,8/26/2015,
Customer746,Jesse Harris,jharriskp@intel.com,$858.34,3/21/2015,
Customer747,Rose Banks,rbankskq@quantcast.com,$123.80,7/1/2013,
Customer748,Arthur George,ageorgekr@freewebs.com,$154.77,6/28/2014,
Customer749,Paula Howell,phowellks@bbc.co.uk,$879.95,10/10/2013,
Customer750,Melissa Armstrong,marmstrongkt@biglobe.ne.jp,$459.11,11/16/2013,
Customer751,Sharon Murray,smurrayku@bigcartel.com,$121.36,2/20/2014,
Customer752,Jack Carpenter,jcarpenterkv@dell.com,$557.18,3/26/2014,
Customer753,Michelle Banks,mbankskw@4shared.com,$111.15,8/1/2014,
Customer754,Gregory Fields,gfieldskx@fastcompany.com,$627.65,9/14/2015,
Customer755,Amy Brown,abrownky@netlog.com,$355.76,5/19/2015,
Customer756,Fred Simmons,fsimmonskz@redcross.org,$758.22,1/18/2013,
Customer757,David Hart,dhartl0@seesaa.net,$900.57,3/4/2014,
Customer758,Scott Kelly,skellyl1@cbsnews.com,$470.81,5/17/2014,
Customer759,Sean Johnson,sjohnsonl2@dmoz.org,$632.14,5/22/2015,
Customer760,Juan Spencer,jspencerl3@census.gov,$816.08,6/16/2013,
Customer761,Jeffrey Hayes,jhayesl4@google.nl,$13.73,7/21/2015,
Customer762,Aaron Hernandez,ahernandezl5@nydailynews.com,$328.60,8/20/2013,
Customer763,Jesse Martinez,jmartinezl6@addthis.com,$919.63,12/25/2014,
Customer764,Nancy Daniels,ndanielsl7@ibm.com,$451.77,12/26/2012,
Customer765,Angela Lewis,alewisl8@dedecms.com,$874.63,4/3/2014,
Customer766,Gary Sullivan,gsullivanl9@craigslist.org,$903.13,9/7/2013,
Customer767,Victor Ramirez,vramirezla@cornell.edu,$351.01,1/4/2013,
Customer768,Joseph Gray,jgraylb@walmart.com,$415.20,11/6/2012,
Customer769,Fred Bryant,fbryantlc@prweb.com,$791.81,1/14/2015,
Customer770,Evelyn Chapman,echapmanld@cmu.edu,$317.96,6/2/2013,
Customer771,Jose Ford,jfordle@purevolume.com,$797.64,6/16/2013,
Customer772,Lawrence White,lwhitelf@opensource.org,$594.15,6/21/2015,
Customer773,Matthew Ford,mfordlg@networkadvertising.org,$29.65,10/27/2013,
Customer774,Emily Fuller,efullerlh@merriam-webster.com,$505.77,6/3/2014,
Customer775,Theresa Jordan,tjordanli@pbs.org,$957.00,8/31/2013,
Customer776,Elizabeth Kennedy,ekennedylj@ftc.gov,$894.90,10/9/2013,
Customer777,Brenda Fernandez,bfernandezlk@slashdot.org,$116.24,11/9/2014,
Customer778,Chris Vasquez,cvasquezll@engadget.com,$67.30,11/13/2014,
Customer779,Mildred Carroll,mcarrolllm@ehow.com,$15.35,8/10/2014,
Customer780,Judy Wright,jwrightln@51.la,$892.62,12/29/2012,
Customer781,Walter Freeman,wfreemanlo@etsy.com,$444.91,11/17/2012,
Customer782,Donna Smith,dsmithlp@blinklist.com,$182.73,6/30/2014,
Customer783,Jessica Alvarez,jalvarezlq@seesaa.net,$946.09,10/29/2013,
Customer784,Donna Howard,dhowardlr@wufoo.com,$640.49,4/13/2015,
Customer785,Chris Webb,cwebbls@rediff.com,$111.89,4/13/2014,
Customer786,Ruth Oliver,roliverlt@home.pl,$700.22,4/5/2015,
Customer787,Frank Gonzalez,fgonzalezlu@seattletimes.com,$174.69,1/13/2015,
Customer788,Craig Schmidt,cschmidtlv@gov.uk,$877.84,8/1/2014,
Customer789,Karen Simpson,ksimpsonlw@imgur.com,$230.01,8/14/2014,
Customer790,Kimberly Snyder,ksnyderlx@liveinternet.ru,$409.34,1/30/2014,
Customer791,Gloria Welch,gwelchly@histats.com,$848.46,11/5/2014,
Customer792,Karen Stewart,kstewartlz@nhs.uk,$743.16,5/28/2014,
Customer793,Martin Hansen,mhansenm0@mapy.cz,$203.26,12/24/2012,
Customer794,Dennis Wood,dwoodm1@globo.com,$519.61,6/18/2014,
Customer795,Edward Franklin,efranklinm2@issuu.com,$831.57,3/29/2015,
Customer796,Terry Carroll,tcarrollm3@stanford.edu,$488.65,4/10/2015,
Customer797,Jesse Morales,jmoralesm4@123-reg.co.uk,$829.48,5/29/2013,
Customer798,Albert Stevens,astevensm5@networkadvertising.org,$585.66,5/8/2014,
Customer799,Eugene Jones,ejonesm6@usda.gov,$407.48,8/16/2014,
Customer800,Shirley Stevens,sstevensm7@wikipedia.org,$759.61,10/24/2012,
Customer801,Patricia Bowman,pbowmanm8@sphinn.com,$162.69,5/8/2014,
Customer802,Thomas Elliott,telliottm9@prweb.com,$205.94,12/20/2013,
Customer803,Frank Carter,fcarterma@indiatimes.com,$229.40,2/23/2015,
Customer804,Anna Berry,aberrymb@cornell.edu,$759.00,2/27/2013,
Customer805,Judy Hernandez,jhernandezmc@ftc.gov,$57.97,10/21/2014,
Customer806,Angela Harper,aharpermd@cbsnews.com,$818.45,1/28/2014,
Customer807,Amy Hamilton,ahamiltonme@census.gov,$513.66,7/21/2014,
Customer808,Ronald Garrett,rgarrettmf@usa.gov,$857.91,12/21/2014,
Customer809,Anna Hernandez,ahernandezmg@deviantart.com,$180.54,5/31/2013,
Customer810,Kathryn Green,kgreenmh@springer.com,$299.61,8/17/2015,
Customer811,Patricia Wood,pwoodmi@msn.com,$368.69,8/15/2014,
Customer812,Lawrence Garrett,lgarrettmj@shinystat.com,$972.71,12/1/2014,
Customer813,Chris Nelson,cnelsonmk@hhs.gov,$324.56,7/19/2013,
Customer814,Alice Howell,ahowellml@zimbio.com,$903.47,8/21/2013,
Customer815,Jason Wood,jwoodmm@hubpages.com,$378.32,4/27/2014,
Customer816,Gary Smith,gsmithmn@ucoz.com,$286.09,7/6/2015,
Customer817,Rachel Ramirez,rramirezmo@globo.com,$144.59,9/1/2013,
Customer818,Martin Cox,mcoxmp@sakura.ne.jp,$948.50,7/7/2014,
Customer819,Howard Webb,hwebbmq@linkedin.com,$247.64,5/7/2015,
Customer820,Rose Reed,rreedmr@mashable.com,$982.63,5/21/2015,
Customer821,Katherine Lawson,klawsonms@edublogs.org,$395.52,1/8/2013,
Customer822,Victor Carpenter,vcarpentermt@yale.edu,$236.35,6/15/2015,
Customer823,Stephen Wagner,swagnermu@pbs.org,$397.24,6/11/2013,
Customer824,Roy Rice,rricemv@disqus.com,$774.45,8/13/2014,
Customer825,Virginia Hansen,vhansenmw@sogou.com,$809.81,5/21/2013,
Customer826,Denise Nichols,dnicholsmx@odnoklassniki.ru,$198.78,5/4/2015,
Customer827,Sarah Hanson,shansonmy@usda.gov,$56.79,12/27/2014,
Customer828,Maria Ramos,mramosmz@harvard.edu,$251.60,7/18/2014,
Customer829,Bonnie Kennedy,bkennedyn0@ted.com,$454.98,9/8/2014,
Customer830,Adam Kim,akimn1@woothemes.com,$105.47,7/8/2014,
Customer831,Gerald Gonzales,ggonzalesn2@unicef.org,$712.37,2/12/2013,
Customer832,Linda Porter,lportern3@earthlink.net,$596.41,10/10/2012,
Customer833,James Meyer,jmeyern4@wordpress.com,$304.81,4/30/2014,
Customer834,Kenneth Dunn,kdunnn5@hostgator.com,$988.10,1/18/2015,
Customer835,Ronald Reynolds,rreynoldsn6@dion.ne.jp,$873.43,4/22/2015,
Customer836,Joseph Collins,jcollinsn7@craigslist.org,$229.46,2/22/2013,
Customer837,Theresa Turner,tturnern8@1688.com,$59.52,7/18/2013,
Customer838,Lori Berry,lberryn9@tuttocitta.it,$739.97,4/22/2013,
Customer839,Diane Mccoy,dmccoyna@tinyurl.com,$232.96,3/12/2014,
Customer840,Andrea Russell,arussellnb@state.gov,$219.30,9/13/2013,
Customer841,Janet Diaz,jdiaznc@furl.net,$363.79,1/24/2014,
Customer842,Sandra Johnson,sjohnsonnd@mediafire.com,$559.85,11/6/2014,
Customer843,Douglas Marshall,dmarshallne@comsenz.com,$156.95,12/1/2014,
Customer844,Jerry Garcia,jgarcianf@wordpress.com,$914.65,6/3/2013,
Customer845,Jesse Hughes,jhughesng@homestead.com,$113.14,2/16/2014,
Customer846,Angela Daniels,adanielsnh@businesswire.com,$79.36,1/29/2015,
Customer847,Rose Perez,rperezni@nationalgeographic.com,$758.46,10/27/2014,
Customer848,Nicholas Boyd,nboydnj@angelfire.com,$537.45,3/28/2014,
Customer849,Adam Jones,ajonesnk@friendfeed.com,$816.89,4/22/2014,
Customer850,Dennis Anderson,dandersonnl@java.com,$911.35,5/14/2015,
Customer851,Cynthia Parker,cparkernm@weebly.com,$74.07,5/13/2014,
Customer852,Pamela Kennedy,pkennedynn@europa.eu,$340.38,5/19/2015,
Customer853,Andrea Torres,atorresno@naver.com,$277.33,1/1/2013,
Customer854,Andrew Chavez,achaveznp@chron.com,$625.15,9/11/2014,
Customer855,Heather Jackson,hjacksonnq@cornell.edu,$261.38,1/18/2013,
Customer856,Bobby Evans,bevansnr@skyrock.com,$41.36,11/18/2014,
Customer857,Donald Brown,dbrownns@techcrunch.com,$603.29,4/19/2013,
Customer858,Diane Payne,dpaynent@spotify.com,$149.05,6/7/2013,
Customer859,Brandon Gonzalez,bgonzaleznu@zdnet.com,$748.36,7/24/2014,
Customer860,Antonio Scott,ascottnv@cbc.ca,$174.75,11/24/2013,
Customer861,Jessica Lynch,jlynchnw@amazon.co.uk,$225.11,3/5/2014,
Customer862,Deborah Romero,dromeronx@paypal.com,$138.54,5/23/2013,
Customer863,George Ferguson,gfergusonny@cargocollective.com,$885.40,8/24/2014,
Customer864,Pamela Morgan,pmorgannz@nsw.gov.au,$416.20,11/16/2014,
Customer865,Donna Gomez,dgomezo0@delicious.com,$365.72,7/20/2015,
Customer866,Bobby Thomas,bthomaso1@oracle.com,$824.68,9/30/2013,
Customer867,Ashley Hansen,ahanseno2@networksolutions.com,$398.93,4/7/2013,
Customer868,Sarah Stephens,sstephenso3@tamu.edu,$269.28,10/8/2012,
Customer869,Jeffrey Torres,jtorreso4@blinklist.com,$219.56,1/15/2015,
Customer870,Debra Campbell,dcampbello5@nifty.com,$379.05,4/4/2015,
Customer871,Theresa Martinez,tmartinezo6@webmd.com,$235.89,4/29/2013,
Customer872,Judith Ramirez,jramirezo7@amazon.de,$699.31,8/12/2015,
Customer873,Deborah Washington,dwashingtono8@prlog.org,$614.58,11/19/2013,
Customer874,Jeremy Armstrong,jarmstrongo9@china.com.cn,$193.69,7/27/2014,
Customer875,Jesse Perry,jperryoa@skype.com,$123.16,7/30/2014,
Customer876,Sean Chavez,schavezob@angelfire.com,$451.99,5/16/2015,
Customer877,Donna Welch,dwelchoc@reddit.com,$528.80,10/5/2013,
Customer878,Frank Fisher,ffisherod@networksolutions.com,$383.87,2/24/2014,
Customer879,James Johnston,jjohnstonoe@php.net,$353.44,2/1/2014,
Customer880,Julie Marshall,jmarshallof@independent.co.uk,$835.77,12/23/2013,
Customer881,Sara Gomez,sgomezog@goodreads.com,$603.17,9/21/2013,
Customer882,Angela Mitchell,amitchelloh@yale.edu,$510.96,6/4/2013,
Customer883,Mildred Fuller,mfulleroi@gov.uk,$218.36,2/15/2015,
Customer884,Gregory Burton,gburtonoj@independent.co.uk,$711.22,10/28/2012,
Customer885,Catherine Reynolds,creynoldsok@about.me,$109.44,10/26/2013,
Customer886,Arthur Snyder,asnyderol@ow.ly,$56.86,7/18/2013,
Customer887,Jesse Barnes,jbarnesom@goo.gl,$210.58,10/1/2013,
Customer888,Louis Frazier,lfrazieron@aol.com,$247.60,1/17/2013,
Customer889,Joan Watson,jwatsonoo@smh.com.au,$883.61,8/4/2015,
Customer890,Judy Simmons,jsimmonsop@ihg.com,$661.15,12/24/2013,
Customer891,Robert Davis,rdavisoq@multiply.com,$940.23,7/23/2015,
Customer892,Bonnie Gutierrez,bgutierrezor@cocolog-nifty.com,$608.88,2/3/2013,
Customer893,Keith Clark,kclarkos@github.com,$730.86,6/8/2014,
Customer894,Ruby Alexander,ralexanderot@apple.com,$433.26,3/8/2013,
Customer895,Joseph Hicks,jhicksou@springer.com,$551.47,12/13/2012,
Customer896,Gary West,gwestov@shinystat.com,$917.09,7/25/2014,
Customer897,Lawrence Wilson,lwilsonow@123-reg.co.uk,$139.84,4/12/2014,
Customer898,Ashley Larson,alarsonox@un.org,$69.89,7/19/2014,
Customer899,Ernest Washington,ewashingtonoy@linkedin.com,$363.83,5/29/2013,
Customer900,Ryan Hanson,rhansonoz@ocn.ne.jp,$947.59,4/2/2013,
Customer901,Ralph Rogers,rrogersp0@jiathis.com,$301.67,7/28/2013,
Customer902,Jose Stevens,jstevensp1@vimeo.com,$80.97,1/17/2013,
Customer903,Anne Porter,aporterp2@tripadvisor.com,$653.97,5/1/2014,
Customer904,Jennifer Mcdonald,jmcdonaldp3@google.ca,$511.09,12/20/2012,
Customer905,David Richards,drichardsp4@bbc.co.uk,$482.70,1/24/2013,
Customer906,Louis Watkins,lwatkinsp5@walmart.com,$696.48,3/1/2013,
Customer907,Robert Weaver,rweaverp6@state.gov,$372.15,1/6/2013,
Customer908,Juan Watkins,jwatkinsp7@dmoz.org,$130.91,10/15/2013,
Customer909,Clarence Harvey,charveyp8@chronoengine.com,$297.60,9/7/2014,
Customer910,Susan Smith,ssmithp9@google.de,$718.67,5/27/2013,
Customer911,Larry Mcdonald,lmcdonaldpa@lulu.com,$60.70,3/3/2015,
Customer912,Anthony Moore,amoorepb@amazon.co.jp,$676.56,11/2/2012,
Customer913,Janet Ortiz,jortizpc@scientificamerican.com,$85.42,1/17/2014,
Customer914,Adam Brooks,abrookspd@hao123.com,$988.00,8/27/2014,
Customer915,Brenda Wood,bwoodpe@themeforest.net,$179.72,7/20/2015,
Customer916,Dennis Hunter,dhunterpf@people.com.cn,$931.26,7/7/2015,
Customer917,Amanda Foster,afosterpg@taobao.com,$777.80,2/12/2015,
Customer918,Bobby Ray,brayph@elegantthemes.com,$279.95,6/29/2013,
Customer919,Louis Reed,lreedpi@twitter.com,$240.22,8/1/2013,
Customer920,Debra Carter,dcarterpj@pagesperso-orange.fr,$359.50,1/19/2014,
Customer921,Louise Bowman,lbowmanpk@ezinearticles.com,$623.61,4/4/2015,
Customer922,Jacqueline Collins,jcollinspl@spiegel.de,$58.94,3/4/2013,
Customer923,Antonio Torres,atorrespm@ft.com,$929.82,7/28/2014,
Customer924,Russell Castillo,rcastillopn@bizjournals.com,$924.15,11/17/2013,
Customer925,Brian Meyer,bmeyerpo@statcounter.com,$539.96,9/13/2015,
Customer926,Linda Hansen,lhansenpp@bbc.co.uk,$215.45,6/18/2014,
Customer927,Jose Fernandez,jfernandezpq@storify.com,$504.07,1/21/2014,
Customer928,Jeremy Bradley,jbradleypr@yahoo.com,$374.71,6/30/2013,
Customer929,Aaron Burns,aburnsps@drupal.org,$94.22,2/13/2013,
Customer930,Sarah Hart,shartpt@ifeng.com,$716.38,1/28/2015,
Customer931,Alice Evans,aevanspu@sphinn.com,$357.10,9/7/2013,
Customer932,Elizabeth Walker,ewalkerpv@businessinsider.com,$692.57,2/10/2015,
Customer933,Irene Perkins,iperkinspw@earthlink.net,$927.92,11/14/2012,
Customer934,Johnny Williamson,jwilliamsonpx@toplist.cz,$897.17,3/10/2013,
Customer935,Bobby Hawkins,bhawkinspy@bandcamp.com,$965.58,8/8/2015,
Customer936,Samuel Price,spricepz@harvard.edu,$319.91,6/19/2014,
Customer937,Sharon Hunt,shuntq0@marketwatch.com,$935.17,8/4/2014,
Customer938,Frank Simpson,fsimpsonq1@rakuten.co.jp,$610.93,12/17/2014,
Customer939,Joseph Lawson,jlawsonq2@reddit.com,$105.82,9/22/2015,
Customer940,Kimberly Dixon,kdixonq3@hostgator.com,$801.26,11/2/2013,
Customer941,Lisa Rivera,lriveraq4@last.fm,$204.30,11/23/2014,
Customer942,Brian Schmidt,bschmidtq5@stumbleupon.com,$35.26,2/15/2015,
Customer943,Louise Watson,lwatsonq6@princeton.edu,$234.94,9/18/2013,
Customer944,Chris Moreno,cmorenoq7@pcworld.com,$139.10,1/17/2014,
Customer945,Lillian Fisher,lfisherq8@networksolutions.com,$263.84,3/30/2013,
Customer946,David Romero,dromeroq9@ovh.net,$926.54,2/1/2015,
Customer947,Annie Jones,ajonesqa@google.de,$916.24,7/4/2015,
Customer948,Eugene Thompson,ethompsonqb@house.gov,$226.41,11/14/2014,
Customer949,Thomas Morgan,tmorganqc@so-net.ne.jp,$914.47,3/26/2014,
Customer950,Patrick Murray,pmurrayqd@timesonline.co.uk,$337.26,10/14/2014,
Customer951,Marilyn Wallace,mwallaceqe@photobucket.com,$141.03,5/16/2013,
Customer952,Henry Johnson,hjohnsonqf@wix.com,$144.93,3/15/2015,
Customer953,Stephen Andrews,sandrewsqg@rediff.com,$963.51,5/29/2015,
Customer954,Steve Moore,smooreqh@twitpic.com,$498.00,11/10/2012,
Customer955,Alice Adams,aadamsqi@ezinearticles.com,$103.69,1/4/2015,
Customer956,Jesse Mccoy,jmccoyqj@issuu.com,$408.85,12/21/2012,
Customer957,Albert Harvey,aharveyqk@jalbum.net,$342.88,10/11/2012,
Customer958,Aaron Hayes,ahayesql@wsj.com,$143.74,3/7/2014,
Customer959,Jacqueline Bailey,jbaileyqm@ed.gov,$456.94,6/23/2013,
Customer960,Tina Jenkins,tjenkinsqn@dmoz.org,$962.85,6/5/2014,
Customer961,Tina Ruiz,truizqo@aol.com,$457.50,5/9/2014,
Customer962,Deborah Stanley,dstanleyqp@digg.com,$250.02,10/15/2013,
Customer963,Roger Holmes,rholmesqq@foxnews.com,$959.30,8/10/2015,
Customer964,Jessica Young,jyoungqr@dot.gov,$296.24,11/24/2012,
Customer965,Robert Allen,rallenqs@photobucket.com,$835.50,1/11/2014,
Customer966,Jerry Thompson,jthompsonqt@usnews.com,$911.08,8/14/2013,
Customer967,Antonio Sims,asimsqu@oakley.com,$534.47,3/11/2013,
Customer968,Kathryn Bennett,kbennettqv@bbb.org,$407.39,6/27/2014,
Customer969,Steven King,skingqw@free.fr,$413.29,10/19/2013,
Customer970,Daniel Evans,devansqx@privacy.gov.au,$961.42,3/17/2015,
Customer971,Frances Elliott,felliottqy@sphinn.com,$262.82,1/30/2015,
Customer972,Samuel Dean,sdeanqz@google.com.hk,$264.85,1/3/2014,
Customer973,Jesse Oliver,joliverr0@tripod.com,$485.84,8/11/2015,
Customer974,John Jackson,jjacksonr1@bluehost.com,$486.97,12/15/2013,
Customer975,Charles White,cwhiter2@barnesandnoble.com,$529.47,9/29/2015,
Customer976,Wanda Cook,wcookr3@ovh.net,$174.00,1/18/2014,
Customer977,Michelle Powell,mpowellr4@merriam-webster.com,$680.38,1/10/2014,
Customer978,Margaret Lawrence,mlawrencer5@msn.com,$548.45,11/30/2014,
Customer979,Linda Simmons,lsimmonsr6@cbsnews.com,$225.82,9/19/2015,
Customer980,Pamela Stone,pstoner7@umn.edu,$930.80,3/12/2014,
Customer981,Eric Richardson,erichardsonr8@newsvine.com,$102.91,1/9/2014,
Customer982,Nicholas Kim,nkimr9@sun.com,$345.29,4/27/2013,
Customer983,Theresa Gray,tgrayra@about.com,$683.08,8/24/2014,
Customer984,Helen Fox,hfoxrb@slate.com,$643.23,2/25/2015,
Customer985,Annie Martin,amartinrc@mac.com,$842.26,12/28/2014,
Customer986,Christopher Weaver,cweaverrd@naver.com,$307.97,1/10/2015,
Customer987,Lois Burton,lburtonre@blog.com,$148.02,8/23/2013,
Customer988,Phillip Diaz,pdiazrf@yahoo.com,$121.30,4/9/2013,
Customer989,Roy Gilbert,rgilbertrg@xing.com,$635.42,5/25/2014,
Customer990,Kimberly Adams,kadamsrh@nbcnews.com,$537.65,6/3/2013,
Customer991,Jeffrey Johnson,jjohnsonri@networkadvertising.org,$743.52,1/19/2015,
Customer992,Nicole Collins,ncollinsrj@ezinearticles.com,$777.35,5/28/2015,
Customer993,Philip Hernandez,phernandezrk@surveymonkey.com,$248.11,2/3/2013,
Customer994,Norma Stevens,nstevensrl@reuters.com,$595.35,8/15/2013,
Customer995,Sarah Holmes,sholmesrm@sohu.com,$978.51,8/7/2015,
Customer996,Fred Lewis,flewisrn@goo.gl,$391.34,2/13/2015,
Customer997,Benjamin Mendoza,bmendozaro@virginia.edu,$232.03,1/5/2014,
Customer998,Lori Baker,lbakerrp@theatlantic.com,$123.80,3/30/2014,
Customer999,Martha Jones,mjonesrq@buzzfeed.com,$705.80,10/5/2012,
Customer1000,Gary Diaz,gdiazrr@fema.gov,$63.47,8/5/2015,
