id,name,email,puchase,submitIssue_id
Customer1,Bonnie Gilbert,bgilbert0@dot.gov,$4.53,issue1
Customer2,Matthew Wheeler,mwheeler1@businesswire.com,$0.09,issue3
Customer3,Matthew Mendoza,mmendoza2@whitehouse.gov,$1.24,issue5
Customer4,Doris Bryant,dbryant3@trellian.com,$4.71,issue7
Customer5,Charles Holmes,cholmes4@yellowpages.com,$6.47,issue9
Customer6,Marie Garrett,mgarrett5@flavors.me,$7.15,issue2
Customer7,Andrew Hunter,ahunter6@sun.com,$2.84,issue13
Customer8,Robert Fox,rfox7@ox.ac.uk,$2.91,issue12
Customer9,Jacqueline Hicks,jhicks8@dyndns.org,$8.80,issue14
Customer10,Nancy Lane,nlane9@pbs.org,$9.94,issue10
Customer11,Catherine Martinez,cmartineza@ca.gov,$3.33,issue4
Customer12,Patricia Ruiz,pruizb@baidu.com,$4.33,issue15
Customer13,Russell King,rkingc@google.nl,$0.64,issue8
Customer14,Diana Marshall,dmarshalld@sfgate.com,$1.40,issue18
Customer15,Joseph Fuller,jfullere@nba.com,$0.47,issue21
Customer16,Louise Edwards,ledwardsf@unesco.org,$3.39,issue24
Customer17,Andrea Jordan,ajordang@pagesperso-orange.fr,$9.06,issue22
Customer18,Maria Stanley,mstanleyh@tinypic.com,$2.92,issue20
Customer19,Antonio Ryan,aryani@51.la,$9.07,issue26
Customer20,Deborah Cruz,dcruzj@symantec.com,$5.03,issue29
Customer21,Jeremy Hunter,jhunterk@jimdo.com,$1.17,issue25
Customer22,Judith Dixon,jdixonl@meetup.com,$8.31,issue23
Customer23,Gloria Kennedy,gkennedym@amazon.co.jp,$5.37,issue28
Customer24,Sara Harper,sharpern@cam.ac.uk,$5.10,issue19
Customer25,Helen Ellis,helliso@liveinternet.ru,$6.81,issue30
Customer26,Frances Roberts,frobertsp@gmpg.org,$7.30,issue35
Customer27,Arthur Stone,astoneq@wikipedia.org,$3.53,issue16
Customer28,Annie Ortiz,aortizr@intel.com,$7.69,issue36
Customer29,Harry Howard,hhowards@china.com.cn,$4.48,issue37
Customer30,Philip Diaz,pdiazt@qq.com,$0.26,issue11
Customer31,Teresa Burton,tburtonu@youtube.com,$3.84,issue32
Customer32,Lois Jackson,ljacksonv@mac.com,$4.91,issue17
Customer33,Julie Reid,jreidw@ifeng.com,$6.01,issue27
Customer34,Paula Cook,pcookx@fc2.com,$0.64,issue43
Customer35,Joe Cox,jcoxy@gizmodo.com,$3.24,issue33
Customer36,Anna Dean,adeanz@goo.ne.jp,$6.93,issue39
Customer37,Anne Butler,abutler10@go.com,$5.60,issue41
Customer38,Peter Sullivan,psullivan11@shinystat.com,$9.64,issue42
Customer39,Matthew Graham,mgraham12@rakuten.co.jp,$7.14,issue47
Customer40,Joshua Sanchez,jsanchez13@google.it,$4.68,issue45
Customer41,William Little,wlittle14@adobe.com,$2.94,issue38
Customer42,David Ortiz,dortiz15@elpais.com,$0.38,issue46
Customer43,Andrew Nguyen,anguyen16@sciencedaily.com,$7.97,issue51
Customer44,Eugene Clark,eclark17@domainmarket.com,$8.75,issue6
Customer45,Henry Gardner,hgardner18@tripadvisor.com,$5.28,issue31
Customer46,Nancy Hunter,nhunter19@privacy.gov.au,$0.97,issue52
Customer47,Donna Gutierrez,dgutierrez1a@google.cn,$2.38,issue34
Customer48,Louise Bailey,lbailey1b@pinterest.com,$3.03,issue57
Customer49,Billy Carpenter,bcarpenter1c@storify.com,$2.64,issue54
Customer50,Sarah Daniels,sdaniels1d@cnet.com,$9.98,issue50
Customer51,Cynthia Bowman,cbowman1e@mac.com,$8.95,issue58
Customer52,Douglas Hamilton,dhamilton1f@reddit.com,$0.97,issue59
Customer53,Barbara Black,bblack1g@earthlink.net,$9.55,issue40
Customer54,Anne Snyder,asnyder1h@gmpg.org,$2.47,issue63
Customer55,Amy Johnson,ajohnson1i@china.com.cn,$8.47,issue53
Customer56,Diana West,dwest1j@booking.com,$7.30,issue56
Customer57,Timothy Patterson,tpatterson1k@unblog.fr,$8.65,issue64
Customer58,Christopher Allen,callen1l@discovery.com,$8.51,issue55
Customer59,Gregory Castillo,gcastillo1m@ebay.co.uk,$1.83,issue44
Customer60,Andrea Spencer,aspencer1n@twitpic.com,$5.62,issue62
Customer61,Kimberly Ruiz,kruiz1o@squarespace.com,$8.11,issue49
Customer62,Kenneth Wright,kwright1p@dmoz.org,$2.12,issue60
Customer63,Nancy Jackson,njackson1q@wordpress.org,$3.38,issue66
Customer64,Ronald Hunt,rhunt1r@geocities.com,$3.66,issue48
Customer65,Lisa Lane,llane1s@yelp.com,$6.94,issue73
Customer66,Christina Martinez,cmartinez1t@nytimes.com,$8.83,issue67
Customer67,Nicole Gordon,ngordon1u@ustream.tv,$6.34,issue76
Customer68,Steven Rivera,srivera1v@surveymonkey.com,$4.36,issue70
Customer69,Ruth Kelley,rkelley1w@cargocollective.com,$6.32,issue65
Customer70,Carolyn Warren,cwarren1x@mtv.com,$4.19,issue78
Customer71,Jimmy Garrett,jgarrett1y@smh.com.au,$5.30,issue61
Customer72,Larry Kim,lkim1z@marketwatch.com,$1.80,issue68
Customer73,Albert Murphy,amurphy20@wisc.edu,$7.59,issue81
Customer74,Norma Rogers,nrogers21@digg.com,$9.59,issue82
Customer75,Kenneth Wright,kwright22@bbc.co.uk,$4.22,issue75
Customer76,Cheryl Howard,choward23@noaa.gov,$6.37,issue72
Customer77,Bonnie Bell,bbell24@hhs.gov,$9.26,issue84
Customer78,Deborah West,dwest25@vinaora.com,$2.33,issue69
Customer79,Todd Watson,twatson26@army.mil,$1.53,issue83
Customer80,Jerry Wright,jwright27@ovh.net,$7.17,issue85
Customer81,Carlos Miller,cmiller28@plala.or.jp,$1.59,issue87
Customer82,Fred Simmons,fsimmons29@intel.com,$4.95,issue88
Customer83,Timothy Green,tgreen2a@comsenz.com,$6.71,issue80
Customer84,Angela Ryan,aryan2b@nature.com,$4.64,issue71
Customer85,Lisa Kennedy,lkennedy2c@youtube.com,$4.69,issue89
Customer86,Annie Martinez,amartinez2d@auda.org.au,$5.56,issue86
Customer87,Kelly Patterson,kpatterson2e@storify.com,$1.82,issue94
Customer88,Kevin Cooper,kcooper2f@senate.gov,$6.99,issue77
Customer89,Carlos Cooper,ccooper2g@freewebs.com,$8.77,issue91
Customer90,Howard Gonzalez,hgonzalez2h@clickbank.net,$8.54,issue97
Customer91,Douglas Fox,dfox2i@zdnet.com,$7.64,issue99
Customer92,Judith Oliver,joliver2j@google.nl,$2.76,issue95
Customer93,Laura Green,lgreen2k@discovery.com,$1.84,issue74
Customer94,Wanda Mcdonald,wmcdonald2l@techcrunch.com,$5.51,issue100
Customer95,Robert Ellis,rellis2m@acquirethisname.com,$7.29,issue92
Customer96,Lori Richards,lrichards2n@google.es,$2.76,issue98
Customer97,Kathryn Reynolds,kreynolds2o@jiathis.com,$6.26,issue105
Customer98,Christopher Collins,ccollins2p@sourceforge.net,$7.49,issue107
Customer99,Emily Reid,ereid2q@friendfeed.com,$8.98,issue93
Customer100,Jack Patterson,jpatterson2r@wisc.edu,$7.41,issue108
Customer101,Jerry Matthews,jmatthews2s@umich.edu,$4.73,issue79
Customer102,Shawn Phillips,sphillips2t@soup.io,$8.02,issue106
Customer103,Beverly Cruz,bcruz2u@acquirethisname.com,$3.81,issue110
Customer104,Thomas Foster,tfoster2v@purevolume.com,$5.28,issue90
Customer105,Phyllis Riley,priley2w@google.com.hk,$0.93,issue109
Customer106,Daniel Cunningham,dcunningham2x@booking.com,$5.53,issue113
Customer107,Juan Hicks,jhicks2y@engadget.com,$8.75,issue103
Customer108,Linda Lane,llane2z@bbb.org,$8.47,issue102
Customer109,Steven Owens,sowens30@youtu.be,$6.37,issue116
Customer110,Douglas Marshall,dmarshall31@miibeian.gov.cn,$2.19,issue112
Customer111,Roy Simmons,rsimmons32@youtube.com,$9.31,issue115
Customer112,Jeffrey Bell,jbell33@bigcartel.com,$7.05,issue111
Customer113,Chris Franklin,cfranklin34@domainmarket.com,$9.98,issue122
Customer114,Jean Gonzales,jgonzales35@dot.gov,$2.99,issue114
Customer115,Antonio Lopez,alopez36@vinaora.com,$1.80,issue123
Customer116,Julie Larson,jlarson37@bigcartel.com,$9.37,issue124
Customer117,Lois Torres,ltorres38@umich.edu,$6.41,issue104
Customer118,Gregory Davis,gdavis39@rediff.com,$0.69,issue120
Customer119,Thomas Harper,tharper3a@alexa.com,$6.46,issue121
Customer120,Denise Pierce,dpierce3b@cam.ac.uk,$5.34,issue126
Customer121,Frank Morgan,fmorgan3c@lycos.com,$8.03,issue130
Customer122,Todd Harris,tharris3d@weather.com,$5.60,issue129
Customer123,Joyce Freeman,jfreeman3e@twitpic.com,$3.54,issue118
Customer124,Bonnie Ward,bward3f@moonfruit.com,$1.69,issue128
Customer125,Lawrence Arnold,larnold3g@xrea.com,$0.13,issue117
Customer126,Steve Murray,smurray3h@slate.com,$1.83,issue125
Customer127,Linda Weaver,lweaver3i@marriott.com,$6.70,issue135
Customer128,Janet Washington,jwashington3j@phpbb.com,$0.64,issue137
Customer129,Willie Ford,wford3k@cbc.ca,$8.83,issue96
Customer130,Denise Ellis,dellis3l@mail.ru,$8.78,issue101
Customer131,Lori Lane,llane3m@cdc.gov,$7.09,issue132
Customer132,Donna Hunt,dhunt3n@goodreads.com,$7.27,issue134
Customer133,Andrea Hudson,ahudson3o@answers.com,$9.10,issue142
Customer134,Donna Matthews,dmatthews3p@auda.org.au,$7.67,issue119
Customer135,Randy Clark,rclark3q@cisco.com,$7.59,issue140
Customer136,Carlos Ramos,cramos3r@mashable.com,$9.87,issue145
Customer137,George Payne,gpayne3s@comsenz.com,$4.72,issue138
Customer138,Judy Wallace,jwallace3t@guardian.co.uk,$8.25,issue131
Customer139,Katherine Stephens,kstephens3u@berkeley.edu,$2.47,issue144
Customer140,Karen Chapman,kchapman3v@wunderground.com,$7.43,issue148
Customer141,Alice Burns,aburns3w@dagondesign.com,$4.90,issue146
Customer142,Dennis Woods,dwoods3x@nsw.gov.au,$2.62,issue136
Customer143,Billy Bennett,bbennett3y@1688.com,$0.68,issue151
Customer144,Rachel Shaw,rshaw3z@economist.com,$6.12,issue133
Customer145,Kathy Green,kgreen40@wisc.edu,$2.64,issue143
Customer146,Billy Coleman,bcoleman41@ow.ly,$2.98,issue153
Customer147,Joe Williams,jwilliams42@nature.com,$0.74,issue147
Customer148,Evelyn Kim,ekim43@timesonline.co.uk,$8.71,issue139
Customer149,Daniel Richardson,drichardson44@google.pl,$2.31,issue152
Customer150,Matthew Lawson,mlawson45@marketwatch.com,$9.68,issue156
Customer151,Clarence Owens,cowens46@ucla.edu,$1.13,issue158
Customer152,Ralph Wagner,rwagner47@chronoengine.com,$2.67,issue141
Customer153,Mary Williams,mwilliams48@angelfire.com,$7.89,issue154
Customer154,Jeffrey Hill,jhill49@kickstarter.com,$0.44,issue159
Customer155,Randy Hanson,rhanson4a@vinaora.com,$9.61,issue160
Customer156,Amy Watkins,awatkins4b@soundcloud.com,$6.97,issue164
Customer157,Jerry Little,jlittle4c@liveinternet.ru,$2.37,issue157
Customer158,Antonio Gardner,agardner4d@wix.com,$7.82,issue163
Customer159,Linda Morrison,lmorrison4e@ebay.co.uk,$3.55,issue162
Customer160,Marilyn Gilbert,mgilbert4f@alexa.com,$3.51,issue166
Customer161,Robert Alvarez,ralvarez4g@blogtalkradio.com,$4.21,issue168
Customer162,Jeremy Harris,jharris4h@redcross.org,$5.70,issue165
Customer163,Arthur Martinez,amartinez4i@jalbum.net,$2.67,issue149
Customer164,Benjamin Reed,breed4j@nationalgeographic.com,$8.10,issue173
Customer165,Joe Hall,jhall4k@admin.ch,$1.65,issue169
Customer166,Arthur Fisher,afisher4l@symantec.com,$4.37,issue174
Customer167,Catherine Thomas,cthomas4m@pcworld.com,$3.97,issue176
Customer168,Carl Moreno,cmoreno4n@dedecms.com,$8.37,issue177
Customer169,Sara Smith,ssmith4o@google.co.jp,$2.04,issue127
Customer170,Joshua Russell,jrussell4p@reverbnation.com,$2.67,issue175
Customer171,Thomas James,tjames4q@businessinsider.com,$9.57,issue167
Customer172,Steve Riley,sriley4r@archive.org,$1.41,issue155
Customer173,Mary Schmidt,mschmidt4s@microsoft.com,$1.92,issue182
Customer174,Harold Ramirez,hramirez4t@epa.gov,$7.74,issue178
Customer175,Rebecca Fox,rfox4u@posterous.com,$7.40,issue179
Customer176,Carol Washington,cwashington4v@php.net,$6.15,issue172
Customer177,Wanda Robertson,wrobertson4w@acquirethisname.com,$9.20,issue171
Customer178,Brenda Cole,bcole4x@cargocollective.com,$2.18,issue183
Customer179,Julie Little,jlittle4y@drupal.org,$0.25,issue188
Customer180,Matthew Ryan,mryan4z@ebay.co.uk,$6.01,issue186
Customer181,Joshua Griffin,jgriffin50@sourceforge.net,$9.25,issue184
Customer182,Clarence White,cwhite51@sitemeter.com,$6.87,issue180
Customer183,Ann Walker,awalker52@harvard.edu,$5.40,issue161
Customer184,Jason Reed,jreed53@reverbnation.com,$2.84,issue170
Customer185,Amy Lawson,alawson54@xrea.com,$8.73,issue190
Customer186,Irene Jordan,ijordan55@buzzfeed.com,$3.83,issue195
Customer187,Ann Holmes,aholmes56@naver.com,$3.44,issue150
Customer188,Samuel Vasquez,svasquez57@rediff.com,$5.93,issue181
Customer189,Lawrence Sims,lsims58@a8.net,$7.57,issue197
Customer190,Matthew Carter,mcarter59@networkadvertising.org,$7.46,issue189
Customer191,Sean Sanchez,ssanchez5a@skype.com,$4.09,issue196
Customer192,Raymond Marshall,rmarshall5b@qq.com,$4.03,issue198
Customer193,Justin Mason,jmason5c@lulu.com,$8.89,issue191
Customer194,Kevin Austin,kaustin5d@ihg.com,$5.90,issue193
Customer195,Albert Harris,aharris5e@vk.com,$2.81,issue194
Customer196,Sarah Scott,sscott5f@phoca.cz,$0.55,issue185
Customer197,Katherine Harris,kharris5g@wisc.edu,$2.51,issue205
Customer198,Raymond Harvey,rharvey5h@nbcnews.com,$7.70,issue192
Customer199,Mary Medina,mmedina5i@bloglines.com,$7.38,issue200
Customer200,Mary Franklin,mfranklin5j@sbwire.com,$0.18,issue207
Customer201,Scott Anderson,sanderson5k@sogou.com,$2.64,issue187
Customer202,Jesse Wheeler,jwheeler5l@amazon.co.uk,$0.27,issue206
Customer203,Gregory Johnston,gjohnston5m@posterous.com,$7.04,issue209
Customer204,Ralph Larson,rlarson5n@slashdot.org,$9.05,issue203
Customer205,Dennis Nguyen,dnguyen5o@prnewswire.com,$4.90,issue210
Customer206,Gloria Washington,gwashington5p@facebook.com,$2.77,issue202
Customer207,Jessica Harper,jharper5q@creativecommons.org,$8.80,issue215
Customer208,Andrew Cruz,acruz5r@seesaa.net,$1.24,issue213
Customer209,Terry Bishop,tbishop5s@w3.org,$2.15,issue212
Customer210,Marilyn Wood,mwood5t@jalbum.net,$4.97,issue219
Customer211,Anne Powell,apowell5u@chron.com,$0.85,issue214
Customer212,Wanda Sanchez,wsanchez5v@blogger.com,$0.20,issue199
Customer213,Edward Weaver,eweaver5w@answers.com,$1.10,issue217
Customer214,Henry Hunter,hhunter5x@privacy.gov.au,$0.37,issue208
Customer215,Alice Price,aprice5y@pagesperso-orange.fr,$9.38,issue224
Customer216,Patricia King,pking5z@biglobe.ne.jp,$6.66,issue201
Customer217,Bruce Berry,bberry60@stumbleupon.com,$9.50,issue225
Customer218,Kimberly Mccoy,kmccoy61@scientificamerican.com,$0.80,issue218
Customer219,Arthur Barnes,abarnes62@smugmug.com,$1.61,issue228
Customer220,Nancy Lawson,nlawson63@google.ru,$9.85,issue227
Customer221,Willie Woods,wwoods64@mapquest.com,$1.44,issue226
Customer222,Theresa Armstrong,tarmstrong65@printfriendly.com,$6.84,issue204
Customer223,Karen Lawson,klawson66@prlog.org,$7.38,issue230
Customer224,Catherine Martin,cmartin67@vimeo.com,$5.96,issue223
Customer225,Kelly Campbell,kcampbell68@wunderground.com,$7.80,issue211
Customer226,Sandra Lewis,slewis69@hostgator.com,$4.79,issue221
Customer227,Jack Walker,jwalker6a@blog.com,$1.80,issue222
Customer228,Judith Wheeler,jwheeler6b@microsoft.com,$9.06,issue237
Customer229,Cynthia Graham,cgraham6c@bravesites.com,$7.29,issue232
Customer230,Annie Carr,acarr6d@europa.eu,$2.67,issue238
Customer231,Judy Fields,jfields6e@google.com.hk,$8.43,issue216
Customer232,Marie Olson,molson6f@ted.com,$2.28,issue229
Customer233,Juan Lee,jlee6g@accuweather.com,$9.16,issue239
Customer234,Janice Weaver,jweaver6h@jugem.jp,$2.12,issue236
Customer235,Beverly Stephens,bstephens6i@nih.gov,$7.15,issue244
Customer236,Charles Rivera,crivera6j@lycos.com,$2.58,issue242
Customer237,Jimmy Williams,jwilliams6k@jiathis.com,$7.02,issue235
Customer238,Jeffrey Day,jday6l@rambler.ru,$1.72,issue247
Customer239,Kathleen Gibson,kgibson6m@loc.gov,$2.85,issue220
Customer240,Harold Banks,hbanks6n@wunderground.com,$4.69,issue234
Customer241,Timothy Wallace,twallace6o@oakley.com,$6.23,issue248
Customer242,Paula Sanders,psanders6p@amazon.co.uk,$2.79,issue250
Customer243,Beverly Stone,bstone6q@about.me,$3.66,issue249
Customer244,Jesse Franklin,jfranklin6r@archive.org,$6.92,issue233
Customer245,Laura Hawkins,lhawkins6s@ebay.co.uk,$6.33,issue245
Customer246,Kimberly Cox,kcox6t@nytimes.com,$7.84,issue246
Customer247,Joe Rodriguez,jrodriguez6u@businessweek.com,$8.03,issue256
Customer248,Jeffrey Harper,jharper6v@ovh.net,$1.48,issue253
Customer249,Wayne Mitchell,wmitchell6w@csmonitor.com,$9.62,issue251
Customer250,Angela Graham,agraham6x@gmpg.org,$3.07,issue255
Customer251,Nancy Dixon,ndixon6y@aboutads.info,$1.79,issue243
Customer252,Cynthia Hanson,chanson6z@tuttocitta.it,$2.82,issue258
Customer253,Jacqueline White,jwhite70@gizmodo.com,$0.23,issue259
Customer254,Gregory Chavez,gchavez71@omniture.com,$6.59,issue262
Customer255,Nicole Bradley,nbradley72@vkontakte.ru,$3.38,issue240
Customer256,Jack Garrett,jgarrett73@home.pl,$8.52,issue260
Customer257,Bonnie Adams,badams74@dion.ne.jp,$9.13,issue257
Customer258,Scott Bowman,sbowman75@opera.com,$8.33,issue263
Customer259,Gerald Bailey,gbailey76@1688.com,$1.84,issue261
Customer260,Linda Kennedy,lkennedy77@businesswire.com,$3.45,issue231
Customer261,Scott Henderson,shenderson78@cmu.edu,$5.22,issue266
Customer262,Chris Lewis,clewis79@apple.com,$5.06,issue254
Customer263,Kathleen Sullivan,ksullivan7a@php.net,$2.74,issue265
Customer264,Jennifer Perez,jperez7b@vistaprint.com,$1.20,issue271
Customer265,Aaron Bennett,abennett7c@tinypic.com,$1.59,issue241
Customer266,Kevin Brown,kbrown7d@arstechnica.com,$4.80,issue270
Customer267,Billy Hudson,bhudson7e@liveinternet.ru,$1.80,issue273
Customer268,Richard Cox,rcox7f@tumblr.com,$6.85,issue272
Customer269,Jack Howell,jhowell7g@bravesites.com,$6.99,issue269
Customer270,Wanda Perez,wperez7h@taobao.com,$1.57,issue276
Customer271,Ashley Nguyen,anguyen7i@mysql.com,$0.29,issue275
Customer272,Anna Hill,ahill7j@comsenz.com,$6.98,issue281
Customer273,Rose Long,rlong7k@indiegogo.com,$7.24,issue267
Customer274,Donald Foster,dfoster7l@ovh.net,$1.43,issue282
Customer275,Maria Black,mblack7m@soup.io,$9.84,issue283
Customer276,Phillip Stanley,pstanley7n@cbc.ca,$3.58,issue284
Customer277,Walter Jackson,wjackson7o@studiopress.com,$3.61,issue286
Customer278,Lawrence Turner,lturner7p@squidoo.com,$4.11,issue285
Customer279,Samuel Richardson,srichardson7q@amazon.co.uk,$3.38,issue274
Customer280,Sara Alvarez,salvarez7r@posterous.com,$9.37,issue264
Customer281,Anne Bishop,abishop7s@devhub.com,$7.54,issue288
Customer282,Wayne Hughes,whughes7t@nature.com,$6.76,issue290
Customer283,Joseph Morales,jmorales7u@walmart.com,$5.41,issue268
Customer284,Phillip Taylor,ptaylor7v@bizjournals.com,$3.38,issue289
Customer285,Jack Gardner,jgardner7w@woothemes.com,$7.56,issue291
Customer286,Lisa Clark,lclark7x@google.ru,$7.89,issue278
Customer287,Andrew Hayes,ahayes7y@goo.gl,$2.84,issue295
Customer288,Joe Kennedy,jkennedy7z@tripadvisor.com,$8.73,issue277
Customer289,Ryan Hamilton,rhamilton80@blog.com,$4.70,issue297
Customer290,Ernest Hawkins,ehawkins81@virginia.edu,$7.62,issue287
Customer291,Michael Montgomery,mmontgomery82@un.org,$5.59,issue292
Customer292,Janet Hunter,jhunter83@narod.ru,$3.09,issue300
Customer293,Judith Hicks,jhicks84@amazonaws.com,$2.37,issue252
Customer294,Sandra Gordon,sgordon85@nyu.edu,$3.21,issue298
Customer295,Michelle Matthews,mmatthews86@apache.org,$9.75,issue279
Customer296,Stephen Palmer,spalmer87@cbsnews.com,$4.13,issue305
Customer297,Carl Riley,criley88@japanpost.jp,$9.02,issue301
Customer298,Annie Sanchez,asanchez89@lulu.com,$5.49,issue296
Customer299,Harold Duncan,hduncan8a@china.com.cn,$2.37,issue308
Customer300,Shawn Ward,sward8b@etsy.com,$8.52,issue306
Customer301,Nicholas Carroll,ncarroll8c@uol.com.br,$3.22,issue307
Customer302,Roy Foster,rfoster8d@craigslist.org,$2.89,issue302
Customer303,Philip Day,pday8e@discuz.net,$5.83,issue280
Customer304,James Gilbert,jgilbert8f@bing.com,$0.67,issue303
Customer305,Donna Thomas,dthomas8g@t.co,$2.18,issue309
Customer306,Russell Lane,rlane8h@house.gov,$4.98,issue311
Customer307,Mark Rodriguez,mrodriguez8i@netvibes.com,$1.34,issue314
Customer308,Walter Ramos,wramos8j@imdb.com,$1.32,issue312
Customer309,Steven Thomas,sthomas8k@pagesperso-orange.fr,$1.67,issue317
Customer310,Jane Kelley,jkelley8l@nature.com,$5.07,issue315
Customer311,Edward Carr,ecarr8m@diigo.com,$2.54,issue304
Customer312,Albert Richardson,arichardson8n@shareasale.com,$7.81,issue321
Customer313,Joyce Edwards,jedwards8o@toplist.cz,$3.99,issue318
Customer314,Craig Vasquez,cvasquez8p@discovery.com,$6.18,issue310
Customer315,Thomas Myers,tmyers8q@ed.gov,$6.00,issue294
Customer316,Heather Hanson,hhanson8r@china.com.cn,$6.38,issue293
Customer317,William Mitchell,wmitchell8s@dropbox.com,$4.32,issue320
Customer318,Rebecca Austin,raustin8t@blinklist.com,$5.60,issue319
Customer319,Billy Alexander,balexander8u@ocn.ne.jp,$1.76,issue327
Customer320,Todd Price,tprice8v@ask.com,$3.76,issue324
Customer321,Brian Murray,bmurray8w@uol.com.br,$6.14,issue325
Customer322,Craig Young,cyoung8x@yellowpages.com,$8.00,issue322
Customer323,Julie Payne,jpayne8y@skype.com,$9.17,issue316
Customer324,Amanda Ross,aross8z@reverbnation.com,$2.68,issue326
Customer325,Julie Mccoy,jmccoy90@twitter.com,$2.02,issue329
Customer326,Tammy Gray,tgray91@tiny.cc,$4.97,issue334
Customer327,James Dixon,jdixon92@fc2.com,$7.56,issue330
Customer328,Anthony Cole,acole93@google.ca,$7.16,issue333
Customer329,Anna Burton,aburton94@utexas.edu,$3.21,issue331
Customer330,Carol Holmes,cholmes95@xing.com,$2.78,issue332
Customer331,Janet Foster,jfoster96@salon.com,$9.27,issue335
Customer332,Stephanie Palmer,spalmer97@alexa.com,$9.63,issue341
Customer333,Ruth King,rking98@soundcloud.com,$1.25,issue338
Customer334,Pamela Duncan,pduncan99@webs.com,$4.87,issue323
Customer335,Gloria Rogers,grogers9a@arizona.edu,$8.78,issue340
Customer336,Gerald Bell,gbell9b@amazon.de,$4.93,issue336
Customer337,Tammy Green,tgreen9c@issuu.com,$2.92,issue299
Customer338,Edward Carroll,ecarroll9d@indiegogo.com,$9.02,issue346
Customer339,Patrick Fernandez,pfernandez9e@icio.us,$0.26,issue343
Customer340,Carl West,cwest9f@wordpress.org,$1.63,issue342
Customer341,Sharon Thompson,sthompson9g@cdbaby.com,$0.47,issue345
Customer342,Jeremy Collins,jcollins9h@google.ru,$5.27,issue348
Customer343,Ronald Grant,rgrant9i@apple.com,$8.50,issue339
Customer344,Margaret Chavez,mchavez9j@cisco.com,$1.00,issue351
Customer345,Gary Price,gprice9k@tuttocitta.it,$9.83,issue350
Customer346,Rachel Banks,rbanks9l@mozilla.com,$9.94,issue347
Customer347,Irene Reynolds,ireynolds9m@google.fr,$8.18,issue344
Customer348,Samuel Morales,smorales9n@loc.gov,$4.58,issue356
Customer349,Donna Andrews,dandrews9o@mayoclinic.com,$3.08,issue328
Customer350,Denise Crawford,dcrawford9p@independent.co.uk,$9.58,issue359
Customer351,Gloria Coleman,gcoleman9q@joomla.org,$1.56,issue355
Customer352,Kimberly Boyd,kboyd9r@google.com,$6.63,issue313
Customer353,Stephen Boyd,sboyd9s@intel.com,$4.45,issue362
Customer354,Jennifer Marshall,jmarshall9t@sina.com.cn,$6.20,issue354
Customer355,Sean Johnston,sjohnston9u@mapquest.com,$0.60,issue349
Customer356,Carl Powell,cpowell9v@people.com.cn,$2.50,issue360
Customer357,Anthony Dixon,adixon9w@privacy.gov.au,$9.14,issue358
Customer358,Antonio Watson,awatson9x@wiley.com,$3.69,issue353
Customer359,Gregory James,gjames9y@slate.com,$5.80,issue366
Customer360,Jeremy Lewis,jlewis9z@bizjournals.com,$7.87,issue369
Customer361,Amanda Barnes,abarnesa0@bloomberg.com,$4.49,issue357
Customer362,Cynthia Murphy,cmurphya1@skype.com,$2.44,issue364
Customer363,Christopher Andrews,candrewsa2@blinklist.com,$6.75,issue361
Customer364,Nancy Berry,nberrya3@adobe.com,$4.26,issue363
Customer365,Justin Hansen,jhansena4@about.me,$9.80,issue371
Customer366,Charles Watson,cwatsona5@altervista.org,$6.48,issue352
Customer367,Anne Bell,abella6@go.com,$8.81,issue365
Customer368,Kimberly Powell,kpowella7@live.com,$8.36,issue372
Customer369,Thomas Fowler,tfowlera8@youtu.be,$4.36,issue368
Customer370,Shawn Foster,sfostera9@hugedomains.com,$0.11,issue337
Customer371,Anne Pierce,apierceaa@flickr.com,$8.86,issue373
Customer372,Bonnie Daniels,bdanielsab@nba.com,$5.68,issue374
Customer373,Frances Campbell,fcampbellac@berkeley.edu,$9.51,issue381
Customer374,Richard Hill,rhillad@icio.us,$2.99,issue383
Customer375,Barbara Ellis,bellisae@blogger.com,$9.57,issue376
Customer376,Kathy Mills,kmillsaf@clickbank.net,$5.70,issue370
Customer377,Harry Franklin,hfranklinag@answers.com,$2.82,issue384
Customer378,Dennis Perez,dperezah@artisteer.com,$2.66,issue375
Customer379,Beverly Green,bgreenai@dot.gov,$8.78,issue387
Customer380,Jerry Ferguson,jfergusonaj@vimeo.com,$1.76,issue382
Customer381,Mildred Chapman,mchapmanak@mapy.cz,$8.21,issue367
Customer382,Edward Mcdonald,emcdonaldal@wikipedia.org,$4.53,issue386
Customer383,Cynthia Gilbert,cgilbertam@uol.com.br,$1.38,issue392
Customer384,Dennis Thomas,dthomasan@senate.gov,$9.34,issue377
Customer385,Donna Burns,dburnsao@army.mil,$1.31,issue385
Customer386,Nicholas Wright,nwrightap@mac.com,$8.59,issue394
Customer387,George Foster,gfosteraq@skyrock.com,$1.33,issue396
Customer388,Johnny Greene,jgreenear@who.int,$9.89,issue391
Customer389,Mildred Morrison,mmorrisonas@oakley.com,$3.82,issue388
Customer390,Randy Woods,rwoodsat@ning.com,$0.12,issue393
Customer391,Johnny Payne,jpayneau@typepad.com,$6.90,issue379
Customer392,Kathryn Burns,kburnsav@umn.edu,$3.95,issue397
Customer393,Julie Martin,jmartinaw@sciencedaily.com,$6.80,issue395
Customer394,Julie Reid,jreidax@yellowbook.com,$5.96,issue400
Customer395,Kenneth Snyder,ksnyderay@hatena.ne.jp,$1.92,issue398
Customer396,Norma Henry,nhenryaz@bigcartel.com,$5.73,issue380
Customer397,Raymond Clark,rclarkb0@tmall.com,$2.54,issue389
Customer398,William Lane,wlaneb1@cloudflare.com,$3.87,issue399
Customer399,Russell Shaw,rshawb2@npr.org,$2.59,issue390
Customer400,Eric Porter,eporterb3@harvard.edu,$6.88,issue403
Customer401,Bruce Payne,bpayneb4@wufoo.com,$7.04,issue407
Customer402,Kevin Black,kblackb5@zimbio.com,$6.28,issue406
Customer403,Carl Stephens,cstephensb6@typepad.com,$6.61,issue378
Customer404,Pamela Lawrence,plawrenceb7@tinypic.com,$5.74,issue408
Customer405,Kathleen Gibson,kgibsonb8@liveinternet.ru,$2.38,issue401
Customer406,Samuel Burton,sburtonb9@furl.net,$7.07,issue405
Customer407,Susan Gray,sgrayba@eepurl.com,$4.14,issue413
Customer408,Anthony Gutierrez,agutierrezbb@spiegel.de,$2.88,issue416
Customer409,Terry Ryan,tryanbc@un.org,$2.94,issue411
Customer410,Wayne Warren,wwarrenbd@spotify.com,$2.87,issue419
Customer411,Gary Clark,gclarkbe@eepurl.com,$2.23,issue412
Customer412,Donald Campbell,dcampbellbf@bbc.co.uk,$7.96,issue402
Customer413,James Parker,jparkerbg@amazonaws.com,$4.39,issue409
Customer414,Julie Fowler,jfowlerbh@netscape.com,$0.70,issue410
Customer415,Barbara Cunningham,bcunninghambi@marriott.com,$2.00,issue418
Customer416,Kenneth Shaw,kshawbj@privacy.gov.au,$3.64,issue417
Customer417,Willie James,wjamesbk@uol.com.br,$2.32,issue420
Customer418,Joan Ellis,jellisbl@bluehost.com,$0.84,issue404
Customer419,Linda Ford,lfordbm@cdbaby.com,$4.53,issue423
Customer420,Jack Jackson,jjacksonbn@prlog.org,$2.18,issue428
Customer421,Jesse Snyder,jsnyderbo@blinklist.com,$4.95,issue415
Customer422,Anthony Roberts,arobertsbp@reference.com,$1.71,issue424
Customer423,Clarence Richardson,crichardsonbq@fc2.com,$8.25,issue429
Customer424,Evelyn Fowler,efowlerbr@vkontakte.ru,$2.66,issue414
Customer425,Craig Nichols,cnicholsbs@fotki.com,$2.93,issue432
Customer426,Bonnie Robinson,brobinsonbt@symantec.com,$9.83,issue434
Customer427,Randy Ward,rwardbu@tmall.com,$2.29,issue426
Customer428,Kathryn Fields,kfieldsbv@hubpages.com,$2.44,issue436
Customer429,Lawrence Sanchez,lsanchezbw@photobucket.com,$0.71,issue437
Customer430,Martha Wagner,mwagnerbx@xrea.com,$3.27,issue431
Customer431,Ruby Stevens,rstevensby@washington.edu,$5.74,issue439
Customer432,Jean West,jwestbz@wikipedia.org,$3.89,issue421
Customer433,Doris Olson,dolsonc0@whitehouse.gov,$9.85,issue433
Customer434,Ruth Tucker,rtuckerc1@reddit.com,$1.17,issue422
Customer435,Patricia Wallace,pwallacec2@odnoklassniki.ru,$5.44,issue444
Customer436,Dennis Diaz,ddiazc3@blogs.com,$9.39,issue441
Customer437,Craig Collins,ccollinsc4@so-net.ne.jp,$0.57,issue425
Customer438,Diane Morris,dmorrisc5@stumbleupon.com,$5.96,issue438
Customer439,Terry Martin,tmartinc6@google.com,$2.64,issue427
Customer440,Sandra Williamson,swilliamsonc7@dell.com,$3.52,issue449
Customer441,Jose Daniels,jdanielsc8@technorati.com,$8.22,issue445
Customer442,Lawrence Grant,lgrantc9@biglobe.ne.jp,$5.07,issue442
Customer443,Joseph Webb,jwebbca@ted.com,$2.62,issue430
Customer444,Joan Hunt,jhuntcb@biblegateway.com,$3.22,issue447
Customer445,Jason Weaver,jweavercc@ning.com,$5.39,issue446
Customer446,Anthony Robinson,arobinsoncd@behance.net,$3.85,issue440
Customer447,Anne Cruz,acruzce@mail.ru,$4.91,issue455
Customer448,Jesse Jenkins,jjenkinscf@jalbum.net,$7.09,issue435
Customer449,Mark Schmidt,mschmidtcg@reverbnation.com,$5.70,issue452
Customer450,Christina Fowler,cfowlerch@mail.ru,$9.98,issue459
Customer451,Willie Wells,wwellsci@furl.net,$2.57,issue458
Customer452,Christina Sullivan,csullivancj@hibu.com,$3.50,issue443
Customer453,Lois Edwards,ledwardsck@sfgate.com,$6.19,issue454
Customer454,Aaron Simpson,asimpsoncl@typepad.com,$6.20,issue457
Customer455,Jane Jordan,jjordancm@uol.com.br,$4.44,issue456
Customer456,Karen Spencer,kspencercn@hatena.ne.jp,$2.32,issue451
Customer457,Wayne Martinez,wmartinezco@twitter.com,$9.20,issue464
Customer458,Lois Stephens,lstephenscp@liveinternet.ru,$5.73,issue463
Customer459,Steven Anderson,sandersoncq@weebly.com,$3.72,issue448
Customer460,Randy Dunn,rdunncr@who.int,$4.32,issue466
Customer461,Brenda Flores,bflorescs@irs.gov,$1.78,issue470
Customer462,Gregory Sanchez,gsanchezct@yolasite.com,$4.79,issue461
Customer463,Frank Kennedy,fkennedycu@sogou.com,$7.40,issue460
Customer464,Janice Bailey,jbaileycv@illinois.edu,$6.95,issue472
Customer465,Norma Stanley,nstanleycw@purevolume.com,$3.41,issue473
Customer466,Adam Webb,awebbcx@abc.net.au,$4.38,issue475
Customer467,Donna Peterson,dpetersoncy@yellowbook.com,$0.77,issue462
Customer468,Lois Ortiz,lortizcz@printfriendly.com,$7.95,issue467
Customer469,Stephen Cole,scoled0@epa.gov,$4.06,issue468
Customer470,Jerry Scott,jscottd1@cnbc.com,$7.15,issue469
Customer471,Kathy Lee,kleed2@barnesandnoble.com,$4.78,issue480
Customer472,Angela James,ajamesd3@admin.ch,$7.61,issue453
Customer473,Joan Carpenter,jcarpenterd4@marriott.com,$2.50,issue477
Customer474,Alice Richardson,arichardsond5@comsenz.com,$7.62,issue450
Customer475,Sandra White,swhited6@yandex.ru,$2.62,issue483
Customer476,Catherine Roberts,crobertsd7@i2i.jp,$0.46,issue465
Customer477,Rose Berry,rberryd8@fda.gov,$2.39,issue481
Customer478,Lawrence Wright,lwrightd9@si.edu,$7.93,issue482
Customer479,Harold Smith,hsmithda@cyberchimps.com,$0.51,issue486
Customer480,Daniel Torres,dtorresdb@time.com,$6.49,issue484
Customer481,Martha Collins,mcollinsdc@google.fr,$5.39,issue490
Customer482,Dennis Long,dlongdd@ehow.com,$7.07,issue476
Customer483,Jesse Brooks,jbrooksde@reddit.com,$0.10,issue492
Customer484,Anne Gilbert,agilbertdf@51.la,$0.69,issue478
Customer485,Pamela Bradley,pbradleydg@topsy.com,$7.86,issue493
Customer486,Kevin Shaw,kshawdh@slate.com,$0.42,issue495
Customer487,Albert Ross,arossdi@ehow.com,$3.42,issue496
Customer488,Matthew Weaver,mweaverdj@adobe.com,$7.38,issue489
Customer489,Shawn Alexander,salexanderdk@usa.gov,$9.20,issue491
Customer490,Doris Phillips,dphillipsdl@harvard.edu,$4.07,issue494
Customer491,Joshua Anderson,jandersondm@princeton.edu,$9.78,issue474
Customer492,Joyce Gardner,jgardnerdn@blogger.com,$6.54,issue487
Customer493,David Hall,dhalldo@vkontakte.ru,$2.21,issue485
Customer494,Emily Gonzales,egonzalesdp@usa.gov,$4.02,issue488
Customer495,Ann Stephens,astephensdq@rediff.com,$7.98,issue503
Customer496,Henry Smith,hsmithdr@cmu.edu,$9.31,issue471
Customer497,Lillian Nichols,lnicholsds@mac.com,$1.61,issue479
Customer498,Kevin Hamilton,khamiltondt@paypal.com,$9.66,issue506
Customer499,Clarence Harrison,charrisondu@domainmarket.com,$6.38,issue499
Customer500,Bruce Thomas,bthomasdv@vimeo.com,$6.43,issue498
Customer501,Sandra Cooper,scooperdw@ebay.com,$8.60,issue500
Customer502,Howard Cooper,hcooperdx@soup.io,$6.67,issue501
Customer503,Michelle Watkins,mwatkinsdy@squidoo.com,$5.75,issue497
Customer504,Bobby Gordon,bgordondz@noaa.gov,$1.31,issue511
Customer505,Randy Rogers,rrogerse0@forbes.com,$9.80,issue504
Customer506,William Ruiz,wruize1@istockphoto.com,$2.23,issue507
Customer507,Louise Sanchez,lsancheze2@umich.edu,$2.95,issue514
Customer508,Brenda Larson,blarsone3@amazon.co.jp,$2.11,issue515
Customer509,Diana Gardner,dgardnere4@globo.com,$8.56,issue518
Customer510,Jonathan Gardner,jgardnere5@rakuten.co.jp,$7.65,issue510
Customer511,Ruth Andrews,randrewse6@yellowpages.com,$0.18,issue520
Customer512,Julia Jackson,jjacksone7@shop-pro.jp,$5.30,issue519
Customer513,Rachel White,rwhitee8@w3.org,$5.20,issue516
Customer514,Lois Burton,lburtone9@geocities.jp,$4.05,issue505
Customer515,Ernest Clark,eclarkea@who.int,$0.37,issue517
Customer516,Michael Woods,mwoodseb@howstuffworks.com,$4.71,issue522
Customer517,Cynthia Morales,cmoralesec@pen.io,$4.11,issue512
Customer518,Craig Peters,cpetersed@cam.ac.uk,$5.90,issue513
Customer519,Henry Hansen,hhansenee@amazon.de,$9.07,issue524
Customer520,John Perry,jperryef@cbc.ca,$1.93,issue508
Customer521,William Perry,wperryeg@chronoengine.com,$4.28,issue509
Customer522,Marie Bailey,mbaileyeh@state.gov,$4.95,issue530
Customer523,Tina Reynolds,treynoldsei@psu.edu,$4.49,issue531
Customer524,Kathryn Wells,kwellsej@vistaprint.com,$8.74,issue526
Customer525,Julie Lynch,jlynchek@reference.com,$9.75,issue502
Customer526,Angela Cole,acoleel@prlog.org,$2.91,issue527
Customer527,Willie Clark,wclarkem@fotki.com,$4.91,issue528
Customer528,Scott Welch,swelchen@virginia.edu,$3.20,issue533
Customer529,Henry Fields,hfieldseo@creativecommons.org,$3.59,issue536
Customer530,Emily Kim,ekimep@taobao.com,$8.07,issue529
Customer531,Marie Lynch,mlyncheq@salon.com,$3.80,issue525
Customer532,Benjamin Reid,breider@themeforest.net,$8.38,issue538
Customer533,Amanda Hart,ahartes@cyberchimps.com,$3.38,issue521
Customer534,Roger Jacobs,rjacobset@github.io,$7.66,issue535
Customer535,Phyllis Campbell,pcampbelleu@sitemeter.com,$1.85,issue534
Customer536,Cynthia Rivera,criveraev@friendfeed.com,$4.10,issue543
Customer537,Billy Frazier,bfrazierew@wikimedia.org,$3.74,issue542
Customer538,Richard Price,rpriceex@comsenz.com,$2.92,issue541
Customer539,Judith Peterson,jpetersoney@issuu.com,$8.62,issue544
Customer540,Kimberly Carpenter,kcarpenterez@wikipedia.org,$2.44,issue540
Customer541,Jennifer Foster,jfosterf0@artisteer.com,$3.34,issue550
Customer542,Deborah Roberts,drobertsf1@mlb.com,$7.71,issue532
Customer543,Irene Fox,ifoxf2@pinterest.com,$4.85,issue539
Customer544,Brian Cunningham,bcunninghamf3@mashable.com,$5.71,issue523
Customer545,Shirley Foster,sfosterf4@ning.com,$1.39,issue549
Customer546,Dorothy Romero,dromerof5@squidoo.com,$9.59,issue548
Customer547,Margaret Powell,mpowellf6@nih.gov,$5.00,issue537
Customer548,Melissa Marshall,mmarshallf7@purevolume.com,$9.69,issue556
Customer549,Helen Jacobs,hjacobsf8@hubpages.com,$9.13,issue554
Customer550,Carlos Ross,crossf9@webs.com,$2.45,issue557
Customer551,Louise Little,llittlefa@de.vu,$7.37,issue545
Customer552,Robin Alvarez,ralvarezfb@goodreads.com,$9.93,issue560
Customer553,Julia Palmer,jpalmerfc@gmpg.org,$6.05,issue547
Customer554,Patrick Stevens,pstevensfd@nymag.com,$8.18,issue555
Customer555,Ann Graham,agrahamfe@w3.org,$9.38,issue552
Customer556,Donald Flores,dfloresff@npr.org,$4.75,issue562
Customer557,Robert Baker,rbakerfg@dot.gov,$1.01,issue553
Customer558,Robert Richards,rrichardsfh@nsw.gov.au,$1.29,issue561
Customer559,Julia Henry,jhenryfi@boston.com,$2.81,issue563
Customer560,Patricia Fowler,pfowlerfj@rambler.ru,$7.45,issue564
Customer561,Johnny Porter,jporterfk@behance.net,$1.93,issue566
Customer562,Christina Wheeler,cwheelerfl@goodreads.com,$8.32,issue565
Customer563,Eugene Carter,ecarterfm@yandex.ru,$0.92,issue571
Customer564,Terry Medina,tmedinafn@hc360.com,$2.75,issue573
Customer565,Rebecca Brooks,rbrooksfo@gravatar.com,$2.32,issue546
Customer566,Stephen Gilbert,sgilbertfp@omniture.com,$9.16,issue570
Customer567,Arthur Stewart,astewartfq@issuu.com,$2.45,issue569
Customer568,Kelly Cox,kcoxfr@rediff.com,$6.99,issue574
Customer569,Harold Powell,hpowellfs@pagesperso-orange.fr,$1.00,issue559
Customer570,Russell Harper,rharperft@lulu.com,$4.11,issue551
Customer571,Frank Bennett,fbennettfu@blogs.com,$2.08,issue576
Customer572,Nicole Fox,nfoxfv@xinhuanet.com,$6.14,issue580
Customer573,Beverly Rose,brosefw@1und1.de,$7.71,issue581
Customer574,Earl Dean,edeanfx@github.com,$6.50,issue583
Customer575,Joseph Pierce,jpiercefy@vistaprint.com,$2.02,issue577
Customer576,Larry Lynch,llynchfz@ehow.com,$5.13,issue585
Customer577,Carlos Phillips,cphillipsg0@tinyurl.com,$5.96,issue567
Customer578,Stephanie Alvarez,salvarezg1@paginegialle.it,$0.69,issue568
Customer579,Edward Mendoza,emendozag2@php.net,$6.15,issue572
Customer580,Diana Richards,drichardsg3@china.com.cn,$3.71,issue589
Customer581,George Reid,greidg4@newyorker.com,$2.18,issue578
Customer582,Rose Vasquez,rvasquezg5@whitehouse.gov,$7.99,issue575
Customer583,Andrew Hall,ahallg6@technorati.com,$7.50,issue582
Customer584,Joe Garcia,jgarciag7@unc.edu,$7.35,issue579
Customer585,Eugene Dixon,edixong8@indiegogo.com,$6.29,issue590
Customer586,Brenda Carr,bcarrg9@pcworld.com,$0.68,issue584
Customer587,Carol White,cwhitega@msn.com,$2.15,issue591
Customer588,Eugene Dean,edeangb@samsung.com,$3.07,issue588
Customer589,Ruth Harrison,rharrisongc@mail.ru,$2.84,issue598
Customer590,Samuel Garza,sgarzagd@alibaba.com,$8.00,issue593
Customer591,Gary Powell,gpowellge@amazon.co.jp,$6.40,issue592
Customer592,Sarah Ruiz,sruizgf@howstuffworks.com,$8.32,issue558
Customer593,Billy Miller,bmillergg@themeforest.net,$5.85,issue596
Customer594,Rebecca Allen,rallengh@behance.net,$8.02,issue602
Customer595,Edward Cruz,ecruzgi@fastcompany.com,$2.86,issue587
Customer596,Gloria Walker,gwalkergj@twitter.com,$2.08,issue605
Customer597,Denise Stone,dstonegk@tripod.com,$7.40,issue601
Customer598,Jesse Hanson,jhansongl@twitter.com,$0.61,issue603
Customer599,Carolyn Powell,cpowellgm@cnn.com,$1.18,issue586
Customer600,Deborah Gibson,dgibsongn@intel.com,$1.75,issue594
Customer601,Nicole Burke,nburkego@newyorker.com,$0.21,issue600
Customer602,Teresa Bryant,tbryantgp@discovery.com,$6.59,issue611
Customer603,Bobby Gray,bgraygq@elpais.com,$4.20,issue599
Customer604,Joseph Reynolds,jreynoldsgr@xrea.com,$9.19,issue609
Customer605,Julia Perkins,jperkinsgs@ow.ly,$6.57,issue613
Customer606,Edward Pierce,epiercegt@ovh.net,$8.01,issue595
Customer607,Louise Little,llittlegu@skyrock.com,$4.98,issue597
Customer608,Joshua Richards,jrichardsgv@disqus.com,$1.74,issue612
Customer609,Paula Miller,pmillergw@symantec.com,$9.81,issue614
Customer610,Doris Spencer,dspencergx@ezinearticles.com,$7.90,issue619
Customer611,Norma Bryant,nbryantgy@dmoz.org,$8.13,issue617
Customer612,Rose Mitchell,rmitchellgz@economist.com,$1.63,issue616
Customer613,Norma Ramirez,nramirezh0@creativecommons.org,$2.87,issue620
Customer614,Judith Austin,jaustinh1@jigsy.com,$2.05,issue610
Customer615,Lillian Harrison,lharrisonh2@phoca.cz,$2.78,issue604
Customer616,Evelyn Ryan,eryanh3@ifeng.com,$8.35,issue623
Customer617,Lisa Arnold,larnoldh4@studiopress.com,$8.32,issue615
Customer618,Katherine Clark,kclarkh5@dion.ne.jp,$7.00,issue621
Customer619,Debra Johnston,djohnstonh6@blog.com,$0.89,issue626
Customer620,Laura Sims,lsimsh7@infoseek.co.jp,$9.04,issue622
Customer621,Keith James,kjamesh8@blogger.com,$3.21,issue607
Customer622,Mark Matthews,mmatthewsh9@ow.ly,$8.15,issue624
Customer623,Howard Chapman,hchapmanha@nymag.com,$8.19,issue606
Customer624,Charles Gardner,cgardnerhb@amazon.de,$0.88,issue632
Customer625,Aaron Hart,aharthc@jiathis.com,$4.20,issue628
Customer626,Kimberly Alexander,kalexanderhd@cam.ac.uk,$8.50,issue633
Customer627,Howard Snyder,hsnyderhe@usa.gov,$9.24,issue635
Customer628,Kevin Mason,kmasonhf@sina.com.cn,$1.06,issue625
Customer629,Beverly Hansen,bhansenhg@twitpic.com,$7.64,issue636
Customer630,Ashley Carpenter,acarpenterhh@desdev.cn,$2.42,issue631
Customer631,Lois Allen,lallenhi@marketwatch.com,$3.05,issue640
Customer632,Sandra Ellis,sellishj@house.gov,$5.71,issue629
Customer633,Christina Jackson,cjacksonhk@csmonitor.com,$7.03,issue639
Customer634,Jennifer Washington,jwashingtonhl@stanford.edu,$8.14,issue634
Customer635,Douglas Wallace,dwallacehm@cloudflare.com,$8.39,issue638
Customer636,Scott Robinson,srobinsonhn@rakuten.co.jp,$2.78,issue643
Customer637,Clarence Simmons,csimmonsho@elegantthemes.com,$0.54,issue618
Customer638,Carlos Johnson,cjohnsonhp@auda.org.au,$0.45,issue645
Customer639,Lillian Butler,lbutlerhq@pen.io,$4.38,issue644
Customer640,Betty Price,bpricehr@ucsd.edu,$6.04,issue646
Customer641,Joyce Hart,jharths@1und1.de,$1.08,issue642
Customer642,Christopher West,cwestht@woothemes.com,$0.81,issue647
Customer643,Billy Cruz,bcruzhu@miibeian.gov.cn,$0.28,issue648
Customer644,Andrew Wallace,awallacehv@amazon.de,$9.36,issue652
Customer645,Donald Fields,dfieldshw@alibaba.com,$8.87,issue630
Customer646,Arthur Sanchez,asanchezhx@biblegateway.com,$7.96,issue654
Customer647,Kimberly Lawson,klawsonhy@nymag.com,$3.76,issue651
Customer648,Andrew Cooper,acooperhz@google.com.au,$5.67,issue627
Customer649,Ryan Weaver,rweaveri0@cbslocal.com,$1.88,issue653
Customer650,Adam Gibson,agibsoni1@dailymail.co.uk,$0.65,issue650
Customer651,George Powell,gpowelli2@berkeley.edu,$1.54,issue608
Customer652,Cynthia Carr,ccarri3@rambler.ru,$4.69,issue641
Customer653,Ralph Watson,rwatsoni4@smugmug.com,$8.03,issue662
Customer654,Mark Harper,mharperi5@digg.com,$8.64,issue663
Customer655,Larry Marshall,lmarshalli6@abc.net.au,$4.01,issue657
Customer656,Katherine Frazier,kfrazieri7@tripadvisor.com,$3.71,issue655
Customer657,Nicole Lopez,nlopezi8@engadget.com,$8.71,issue661
Customer658,Judy Austin,jaustini9@cmu.edu,$3.57,issue665
Customer659,Eugene Bailey,ebaileyia@spiegel.de,$0.68,issue658
Customer660,Samuel Payne,spayneib@noaa.gov,$0.49,issue659
Customer661,Susan Castillo,scastilloic@bing.com,$8.09,issue637
Customer662,Lisa Dixon,ldixonid@washington.edu,$9.84,issue666
Customer663,Laura Richards,lrichardsie@canalblog.com,$3.62,issue671
Customer664,Roger Campbell,rcampbellif@taobao.com,$2.68,issue672
Customer665,Kathy Alvarez,kalvarezig@baidu.com,$5.73,issue649
Customer666,Patricia Ortiz,portizih@bravesites.com,$0.99,issue675
Customer667,Shirley Hayes,shayesii@so-net.ne.jp,$4.76,issue669
Customer668,Lillian Hamilton,lhamiltonij@latimes.com,$7.40,issue660
Customer669,Donald Stewart,dstewartik@wsj.com,$1.46,issue676
Customer670,Marilyn Alvarez,malvarezil@forbes.com,$4.84,issue677
Customer671,Janice Riley,jrileyim@dot.gov,$3.53,issue680
Customer672,Earl Fisher,efisherin@businesswire.com,$1.40,issue681
Customer673,Jeremy Gutierrez,jgutierrezio@bandcamp.com,$4.23,issue664
Customer674,Elizabeth Johnston,ejohnstonip@cisco.com,$8.43,issue670
Customer675,Lawrence Johnston,ljohnstoniq@tiny.cc,$0.25,issue674
Customer676,Roger Cole,rcoleir@gmpg.org,$7.51,issue656
Customer677,Thomas Dixon,tdixonis@craigslist.org,$8.43,issue678
Customer678,Steve Jackson,sjacksonit@ameblo.jp,$3.24,issue684
Customer679,Heather Meyer,hmeyeriu@blog.com,$9.64,issue687
Customer680,Sandra Hunt,shuntiv@addtoany.com,$7.02,issue685
Customer681,Jean Bryant,jbryantiw@mayoclinic.com,$3.22,issue683
Customer682,Lawrence Lopez,llopezix@cnn.com,$1.98,issue689
Customer683,Jeremy Cruz,jcruziy@usnews.com,$4.20,issue673
Customer684,Frank Schmidt,fschmidtiz@exblog.jp,$7.32,issue693
Customer685,Julie Duncan,jduncanj0@zimbio.com,$6.08,issue686
Customer686,Wanda Mendoza,wmendozaj1@quantcast.com,$7.91,issue682
Customer687,Anne Banks,abanksj2@jugem.jp,$2.27,issue696
Customer688,Willie Palmer,wpalmerj3@ca.gov,$9.76,issue688
Customer689,Rebecca Harper,rharperj4@usa.gov,$4.50,issue694
Customer690,Ryan Hughes,rhughesj5@mayoclinic.com,$3.13,issue667
Customer691,Victor West,vwestj6@tinyurl.com,$8.06,issue700
Customer692,Jean Hansen,jhansenj7@cafepress.com,$9.65,issue695
Customer693,Harry Moreno,hmorenoj8@theglobeandmail.com,$8.16,issue692
Customer694,Brandon Burns,bburnsj9@nbcnews.com,$3.60,undefined
Customer695,Christopher Baker,cbakerja@163.com,$7.86,issue699
Customer696,Margaret Mendoza,mmendozajb@blog.com,$5.97,undefined
Customer697,Wayne Reyes,wreyesjc@patch.com,$8.03,issue668
Customer698,Stephanie Grant,sgrantjd@wired.com,$3.61,issue691
Customer699,Benjamin Andrews,bandrewsje@bloomberg.com,$1.81,issue679
Customer700,Doris Harris,dharrisjf@moonfruit.com,$0.15,undefined
Customer701,Roger Hudson,rhudsonjg@elpais.com,$5.32,undefined
Customer702,Christina Ferguson,cfergusonjh@ovh.net,$7.35,undefined
Customer703,Cynthia Simpson,csimpsonji@miitbeian.gov.cn,$1.06,undefined
Customer704,Katherine Ellis,kellisjj@hugedomains.com,$9.91,undefined
Customer705,Richard Russell,rrusselljk@g.co,$9.43,undefined
Customer706,Gregory Gomez,ggomezjl@marketwatch.com,$6.25,undefined
Customer707,Lori Phillips,lphillipsjm@apache.org,$8.97,issue690
Customer708,Louise Gonzales,lgonzalesjn@springer.com,$8.00,issue697
Customer709,Craig Hill,chilljo@mail.ru,$6.08,undefined
Customer710,Christina Carpenter,ccarpenterjp@examiner.com,$9.24,undefined
Customer711,Helen Rice,hricejq@blogspot.com,$3.68,undefined
Customer712,Thomas Morales,tmoralesjr@loc.gov,$0.17,undefined
Customer713,Lois Jacobs,ljacobsjs@rakuten.co.jp,$2.32,undefined
Customer714,Irene Hill,ihilljt@washingtonpost.com,$6.21,undefined
Customer715,Jimmy West,jwestju@princeton.edu,$8.14,undefined
Customer716,Jesse Baker,jbakerjv@cafepress.com,$4.83,undefined
Customer717,Stephanie Bishop,sbishopjw@linkedin.com,$2.59,undefined
Customer718,Carlos Johnson,cjohnsonjx@people.com.cn,$8.34,undefined
Customer719,Daniel White,dwhitejy@etsy.com,$4.91,undefined
Customer720,Douglas Clark,dclarkjz@toplist.cz,$8.90,undefined
Customer721,Johnny Dixon,jdixonk0@ameblo.jp,$7.84,undefined
Customer722,Margaret Gonzalez,mgonzalezk1@e-recht24.de,$8.13,undefined
Customer723,Sharon Cook,scookk2@addtoany.com,$8.55,undefined
Customer724,Diane Harvey,dharveyk3@howstuffworks.com,$1.06,undefined
Customer725,Debra Washington,dwashingtonk4@apache.org,$3.43,undefined
Customer726,Daniel Gutierrez,dgutierrezk5@fc2.com,$2.52,issue698
Customer727,Jack Morris,jmorrisk6@instagram.com,$2.85,undefined
Customer728,Joan Harrison,jharrisonk7@artisteer.com,$5.47,undefined
Customer729,Ryan Gray,rgrayk8@symantec.com,$8.52,undefined
Customer730,Paul Brown,pbrownk9@networksolutions.com,$9.89,undefined
Customer731,Nicole Ramirez,nramirezka@accuweather.com,$8.64,undefined
Customer732,Joan Torres,jtorreskb@netscape.com,$2.96,undefined
Customer733,Benjamin Palmer,bpalmerkc@typepad.com,$6.37,undefined
Customer734,Thomas Ferguson,tfergusonkd@linkedin.com,$8.56,undefined
Customer735,Theresa Nichols,tnicholske@seesaa.net,$5.45,undefined
Customer736,Brian Evans,bevanskf@smugmug.com,$5.88,undefined
Customer737,Harry Dixon,hdixonkg@mapquest.com,$1.24,undefined
Customer738,Adam Moore,amoorekh@cnet.com,$1.38,undefined
Customer739,Earl Wilson,ewilsonki@wordpress.org,$0.41,undefined
Customer740,Wayne Dixon,wdixonkj@rambler.ru,$1.79,undefined
Customer741,Paula Ramirez,pramirezkk@google.com.hk,$8.34,undefined
Customer742,Diana Rodriguez,drodriguezkl@diigo.com,$7.15,undefined
Customer743,Christina Hawkins,chawkinskm@nbcnews.com,$6.17,undefined
Customer744,Robert Mitchell,rmitchellkn@nps.gov,$9.55,undefined
Customer745,Dennis Long,dlongko@google.com.hk,$8.61,undefined
Customer746,Juan Smith,jsmithkp@tripadvisor.com,$0.21,undefined
Customer747,Teresa Gonzales,tgonzaleskq@time.com,$3.67,undefined
Customer748,Sarah Berry,sberrykr@digg.com,$3.64,undefined
Customer749,Gary Brooks,gbrooksks@histats.com,$6.49,undefined
Customer750,Harry Frazier,hfrazierkt@1und1.de,$6.07,undefined
Customer751,Janet Butler,jbutlerku@addtoany.com,$2.76,undefined
Customer752,Henry Kelley,hkelleykv@angelfire.com,$2.05,undefined
Customer753,Julie Knight,jknightkw@twitpic.com,$2.50,undefined
Customer754,Mark Murray,mmurraykx@surveymonkey.com,$8.95,undefined
Customer755,Tina Castillo,tcastilloky@goo.gl,$9.96,undefined
Customer756,Paula Wagner,pwagnerkz@nydailynews.com,$2.77,undefined
Customer757,Ronald Reynolds,rreynoldsl0@harvard.edu,$0.28,undefined
Customer758,Donald Day,ddayl1@buzzfeed.com,$1.97,undefined
Customer759,Daniel Freeman,dfreemanl2@pen.io,$7.20,undefined
Customer760,Betty Harvey,bharveyl3@mozilla.com,$9.43,undefined
Customer761,Jessica Rose,jrosel4@disqus.com,$6.93,undefined
Customer762,Pamela Hicks,phicksl5@businessweek.com,$5.61,undefined
Customer763,Ann Cunningham,acunninghaml6@list-manage.com,$8.29,undefined
Customer764,Earl Fuller,efullerl7@jimdo.com,$8.80,undefined
Customer765,Melissa Alexander,malexanderl8@linkedin.com,$1.19,undefined
Customer766,Patricia Carter,pcarterl9@delicious.com,$4.79,undefined
Customer767,Martha Graham,mgrahamla@netlog.com,$0.89,undefined
Customer768,Paul Sims,psimslb@nytimes.com,$2.20,undefined
Customer769,Ashley Fernandez,afernandezlc@ucoz.ru,$1.37,undefined
Customer770,Clarence Morgan,cmorganld@tinypic.com,$0.90,undefined
Customer771,Bonnie Garcia,bgarciale@boston.com,$1.36,undefined
Customer772,Brenda Banks,bbankslf@unblog.fr,$3.72,undefined
Customer773,Deborah Weaver,dweaverlg@plala.or.jp,$3.44,undefined
Customer774,Christina Webb,cwebblh@cloudflare.com,$0.54,undefined
Customer775,Angela Perez,aperezli@webmd.com,$2.80,undefined
Customer776,Anne Woods,awoodslj@barnesandnoble.com,$8.95,undefined
Customer777,Annie Cooper,acooperlk@comcast.net,$6.46,undefined
Customer778,Joyce Hicks,jhicksll@umn.edu,$9.36,undefined
Customer779,Michelle Carr,mcarrlm@ft.com,$0.81,undefined
Customer780,Tammy Ferguson,tfergusonln@slideshare.net,$4.49,undefined
Customer781,Roy Ross,rrosslo@icio.us,$9.66,undefined
Customer782,Patricia Carroll,pcarrolllp@vinaora.com,$3.78,undefined
Customer783,Eugene Cox,ecoxlq@mac.com,$3.45,undefined
Customer784,Harold Cook,hcooklr@fema.gov,$2.87,undefined
Customer785,Mark White,mwhitels@dot.gov,$5.73,undefined
Customer786,Jimmy Howard,jhowardlt@newsvine.com,$7.99,undefined
Customer787,Nicole Baker,nbakerlu@alibaba.com,$7.02,undefined
Customer788,Katherine Medina,kmedinalv@bbb.org,$1.18,undefined
Customer789,Robert Holmes,rholmeslw@cyberchimps.com,$9.22,undefined
Customer790,Jean Harvey,jharveylx@forbes.com,$4.25,undefined
Customer791,Bonnie Patterson,bpattersonly@tiny.cc,$2.77,undefined
Customer792,Doris Black,dblacklz@meetup.com,$6.81,undefined
Customer793,Margaret Graham,mgrahamm0@friendfeed.com,$9.19,undefined
Customer794,Dennis Olson,dolsonm1@tamu.edu,$5.55,undefined
Customer795,Roger Johnson,rjohnsonm2@list-manage.com,$9.58,undefined
Customer796,Terry Chavez,tchavezm3@hibu.com,$9.10,undefined
Customer797,Laura Gomez,lgomezm4@pagesperso-orange.fr,$8.34,undefined
Customer798,Paula Simmons,psimmonsm5@ibm.com,$6.36,undefined
Customer799,Katherine Gonzales,kgonzalesm6@ifeng.com,$5.76,undefined
Customer800,Lori Ferguson,lfergusonm7@smh.com.au,$3.15,undefined
Customer801,Billy White,bwhitem8@cnbc.com,$5.81,undefined
Customer802,Janet Cooper,jcooperm9@wix.com,$9.20,undefined
Customer803,Patricia Young,pyoungma@artisteer.com,$8.71,undefined
Customer804,Nicholas Williams,nwilliamsmb@msu.edu,$7.92,undefined
Customer805,Tina Larson,tlarsonmc@cbc.ca,$6.91,undefined
Customer806,Janice Harrison,jharrisonmd@usda.gov,$2.64,undefined
Customer807,Ryan Watson,rwatsonme@mapquest.com,$2.52,undefined
Customer808,Frances Jordan,fjordanmf@bigcartel.com,$8.97,undefined
Customer809,Jane Williamson,jwilliamsonmg@wix.com,$0.07,undefined
Customer810,Cynthia Richards,crichardsmh@wunderground.com,$4.40,undefined
Customer811,Randy Watson,rwatsonmi@behance.net,$6.28,undefined
Customer812,Justin Gomez,jgomezmj@illinois.edu,$2.15,undefined
Customer813,Emily Bradley,ebradleymk@networkadvertising.org,$5.44,undefined
Customer814,Craig Perez,cperezml@nbcnews.com,$8.94,undefined
Customer815,Randy Fields,rfieldsmm@issuu.com,$5.52,undefined
Customer816,Jeremy Ruiz,jruizmn@yale.edu,$3.90,undefined
Customer817,Lisa Little,llittlemo@spiegel.de,$3.90,undefined
Customer818,Cheryl Allen,callenmp@prweb.com,$5.00,undefined
Customer819,Joe Brooks,jbrooksmq@geocities.jp,$2.77,undefined
Customer820,Randy Hansen,rhansenmr@intel.com,$9.53,undefined
Customer821,Pamela Moore,pmoorems@npr.org,$0.06,undefined
Customer822,Sean Jacobs,sjacobsmt@mediafire.com,$4.54,undefined
Customer823,Eugene Armstrong,earmstrongmu@addtoany.com,$1.01,undefined
Customer824,Louis Kelley,lkelleymv@discuz.net,$0.02,undefined
Customer825,Louis Simpson,lsimpsonmw@scientificamerican.com,$1.20,undefined
Customer826,Christopher Pierce,cpiercemx@xing.com,$0.85,undefined
Customer827,Kathy Bishop,kbishopmy@discuz.net,$6.28,undefined
Customer828,Stephen Simmons,ssimmonsmz@yolasite.com,$0.11,undefined
Customer829,Andrea Harrison,aharrisonn0@elpais.com,$2.10,undefined
Customer830,Jason Patterson,jpattersonn1@ocn.ne.jp,$8.80,undefined
Customer831,Kathleen Chavez,kchavezn2@cornell.edu,$7.08,undefined
Customer832,Evelyn Rivera,eriveran3@shutterfly.com,$9.44,undefined
Customer833,Carlos Walker,cwalkern4@wikimedia.org,$0.32,undefined
Customer834,Susan Chapman,schapmann5@yellowpages.com,$9.47,undefined
Customer835,Margaret Thomas,mthomasn6@com.com,$2.39,undefined
Customer836,Betty Lawrence,blawrencen7@bloglines.com,$6.14,undefined
Customer837,Steve Stone,sstonen8@storify.com,$9.18,undefined
Customer838,Diana Richards,drichardsn9@goo.ne.jp,$5.82,undefined
Customer839,Samuel Arnold,sarnoldna@alibaba.com,$3.19,undefined
Customer840,Larry Parker,lparkernb@yahoo.co.jp,$2.76,undefined
Customer841,Cynthia Lawson,clawsonnc@nhs.uk,$5.78,undefined
Customer842,Helen Little,hlittlend@webs.com,$6.04,undefined
Customer843,Doris Lynch,dlynchne@gravatar.com,$2.86,undefined
Customer844,Robert Ortiz,rortiznf@newyorker.com,$5.23,undefined
Customer845,Patrick Simmons,psimmonsng@skyrock.com,$2.01,undefined
Customer846,Robert Andrews,randrewsnh@scribd.com,$9.62,undefined
Customer847,Marie Freeman,mfreemanni@fda.gov,$4.23,undefined
Customer848,Joseph Torres,jtorresnj@pinterest.com,$3.73,undefined
Customer849,Evelyn Davis,edavisnk@nyu.edu,$7.03,undefined
Customer850,Terry Gilbert,tgilbertnl@hao123.com,$9.78,undefined
